City_ID,City,Country,Max Temp,Weather description,Lat,Lng,Hotel Name
0,Bud,US,71.62,overcast clouds,39.447,-86.1758,Ted McQuinn Trust
5,Georgetown,MY,84.13,haze,5.4112,100.3354,Cititel Penang
7,Butaritari,KI,82.36,few clouds,3.0707,172.7902,Isles Sunset Lodge
9,Padang,ID,77.05,few clouds,-0.9492,100.3543,Mercure Padang
13,Palu,ID,76.03,light rain,-0.8917,119.8707,Hotel Santika Palu
14,Viesca,MX,91.4,few clouds,25.35,-102.8,LA VIEZCA (Parque Magico)
21,Susanville,US,89.91,clear sky,40.4163,-120.653,Comfort Inn & Suites
22,Iracoubo,GF,77.34,scattered clouds,5.4802,-53.2011,Le G√Æte d‚ÄôIracoubo
23,Praya,CV,75.74,few clouds,14.9215,-23.5087,LT Aparthotel
25,Matara,LK,79.97,overcast clouds,5.9485,80.5353,Amaloh Boutique Resort
26,Ejura,GH,70.3,overcast clouds,7.3856,-1.3562,Fire Servece
33,Half Moon Bay,US,82.54,mist,37.4636,-122.4286,"The Ritz-Carlton, Half Moon Bay"
34,Saint Anthony,US,85.17,few clouds,45.0205,-93.218,"Holiday Inn Express Roseville-St. Paul, an IHG Hotel"
36,Arraial Do Cabo,BR,71.15,few clouds,-22.9661,-42.0278,Pousada Porto Praia
37,Shimoda,JP,84.56,overcast clouds,34.6667,138.95,Shimoda Tokyu Hotel
38,Bethel,US,75.76,overcast clouds,41.3712,-73.414,Courtyard by Marriott Danbury
44,Macuspana,MX,84.22,few clouds,17.7667,-92.6,Hotel Claudia
45,Petlawad,IN,75.65,moderate rain,23.0,74.8,KBISTHN MUSLIM SAMAJ
46,Norman Wells,CA,78.84,broken clouds,65.282,-126.8329,Heritage Hotel
48,Cayenne,GF,83.08,overcast clouds,4.9333,-52.3333,H√¥tel Le Dronmi
49,Avarua,CK,75.25,broken clouds,-21.2078,-159.775,Paradise Inn
50,Buala,SB,85.3,scattered clouds,-8.145,159.5921,Maringe Lagoon Lodge
55,Atuona,PF,78.01,light rain,-9.8,-139.0333,Villa Enata
57,Hilo,US,91.27,broken clouds,19.7297,-155.09,Hilo Hawaiian Hotel
60,Jieshi,CN,85.46,overcast clouds,22.8134,115.8257,Yuehai Hotel
62,Sao Filipe,CV,73.85,overcast clouds,14.8961,-24.4956,Hotel Xaguate
65,Nizhniy Kuranakh,RU,81.63,broken clouds,58.8353,125.4869,Park Pobedy
71,Bengkulu,ID,81.82,few clouds,-3.8004,102.2655,Grage Hotel Bengkulu
72,Toba,JP,80.6,overcast clouds,34.4833,136.85,„Éõ„ÉÜ„É´ „Ç¢„É´„ÉÜ„Ç£„Ç¢È≥•ÁæΩ
74,Blackwater,AU,71.76,clear sky,-23.5833,148.8833,Blackwater Motor Inn
75,Teshie,GH,74.64,broken clouds,5.5836,-0.1072,Best Western Plus Accra Beach Hotel
80,Kirakira,SB,83.68,scattered clouds,-10.4544,161.9205,SanBiz Lodge
85,Kottayam,IN,76.05,light rain,9.5833,76.5167,Hotel Anjali Park
86,Astrea,CO,75.2,broken clouds,9.4983,-73.9759,Hotel y restaurante central
87,Victoria,HK,90.97,overcast clouds,22.2855,114.1577,Mini Central
88,Ponta Do Sol,PT,72.01,few clouds,32.6667,-17.1,Hotel do Campo
90,Diu,IN,80.53,overcast clouds,20.7141,70.9822,Hotel Relax Inn
92,Rikitea,PF,73.22,moderate rain,-23.1203,-134.9692,People ThankYou
94,Hasaki,JP,82.8,moderate rain,35.7333,140.8333,Inubosaki Kanko Hotel
95,Muros,ES,70.16,overcast clouds,42.7762,-9.0603,Apartment Av. Castelao
106,Shache,CN,84.45,clear sky,38.4167,77.2406,Delong Hotel
109,San Patricio,US,87.66,scattered clouds,28.017,-97.5169,"Motel 6 Sinton, TX"
111,Dossor,KZ,88.36,clear sky,47.5272,52.9811,"Gostinitsa Orpk ""Nauryz"""
115,Oussouye,SN,79.43,overcast clouds,12.485,-16.5469,Auberge du Routard
119,Vila Velha,BR,73.35,clear sky,-20.3297,-40.2925,Hotel Vit√≥ria Palace
120,Ribeira Grande,PT,71.53,clear sky,38.5167,-28.7,Quinta da Meia Eira
122,Maceio,BR,72.84,few clouds,-9.6658,-35.7353,Hotel Ponta Verde Macei√≥
124,Zhezkazgan,KZ,71.58,clear sky,47.8043,67.7144,Hotel Zumrat
126,Parnamirim,BR,73.29,clear sky,-5.9156,-35.2628,Pousada Joaci
127,Hithadhoo,MV,82.67,moderate rain,-0.6,73.0833,Scoop Guest House
130,Kapaa,US,84.52,broken clouds,22.0752,-159.319,Sheraton Kauai Coconut Beach Resort
135,Vanimo,PG,85.23,overcast clouds,-2.6741,141.3028,Vahmoneh Lodge Vanimo
136,Kavieng,PG,84.47,light rain,-2.5744,150.7967,Nusa Island Retreat
140,Mackay,AU,76.68,clear sky,-21.15,149.2,International Lodge Motel
142,Vaini,TO,78.96,scattered clouds,-21.2,-175.2,Keleti Beach Resort
143,Sao Miguel Do Araguaia,BR,72.73,clear sky,-13.275,-50.1628,Hotel Executivo Palace
146,Hovd,MN,74.66,few clouds,48.0056,91.6419,Hotel Khovd
147,Pascagoula,US,84.25,clear sky,30.3658,-88.5561,Regency Inn
148,Thompson,CA,73.56,broken clouds,55.7435,-97.8558,Burntwood Hotel
149,Gorodishche,RU,70.68,clear sky,48.8045,44.4744,Inn Delovoy Vizit
150,Murgab,TM,73.27,clear sky,37.4966,61.9714,Wepa Nurly√Ωew
152,Ewa Beach,US,87.75,light intensity drizzle,21.3156,-158.0072,Base Lodging
156,Aklavik,CA,73.94,overcast clouds,68.2191,-135.0107,Aklavik Inn
160,Sungai Padi,TH,80.38,overcast clouds,6.0851,101.8766,237‡∏ö‡∏≠‡∏•&‡∏ö‡∏≤‡∏™
162,Salalah,OM,77.09,overcast clouds,17.0151,54.0924,"HAMDAN PLAZA HOTEL SALALAH, an HTG Hotel"
164,Felipe Carrillo Puerto,MX,78.44,scattered clouds,19.5833,-88.05,Hotel La Ceiba
165,Lixourion,GR,77.38,clear sky,38.2019,20.4314,Hotel Summery
170,Hami,CN,87.35,overcast clouds,42.8,93.45,Laoyutang Resort
171,Lewistown,US,72.18,light rain,40.5992,-77.5714,Quality Inn & Suites
172,Makakilo City,US,86.32,light intensity drizzle,21.3469,-158.0858,Marriott's Ko Olina Beach Club
174,Honiara,SB,88.75,clear sky,-9.4333,159.95,Heritage Park Hotel
179,Katobu,ID,81.3,broken clouds,-4.9408,122.5276,La Ode Husein
182,Lagoa,PT,70.03,clear sky,39.05,-27.9833,Casa Das Faias
184,Faanui,PF,76.75,light rain,-16.4833,-151.75,Bora-Bora Pearl Beach Resort & Spa
185,Palmer,US,75.61,overcast clouds,42.1584,-72.3287,Wedgewood Motel
186,Mont-Dore,NC,84.18,scattered clouds,-22.2833,166.5833,GIte
187,Nishihara,JP,86.05,overcast clouds,26.1842,127.7558,Minshuku Agaihama
188,Talkha,EG,71.08,clear sky,31.0539,31.3779,Almadiafah
189,Vao,NC,72.54,scattered clouds,-22.6667,167.4833,Hotel Kou-Bugny
192,Karacabey,TR,71.98,clear sky,40.2152,28.4038,Uludaƒü √úniversitesi Sadƒ±k Yƒ±lmaz √ñƒürenci Yurdu
193,Vila Do Maio,CV,75.99,broken clouds,15.1333,-23.2167,Hotel Marilu
195,Eirunepe,BR,78.24,broken clouds,-6.6603,-69.8736,Hotel novo Acre & Comercial Aguiar
197,Tura,IN,81.05,clear sky,25.5198,90.2201,Hotel RIKMAN Continental
198,Alofi,NU,78.69,few clouds,-19.0595,-169.9187,Taloa Heights
200,Fort-Shevchenko,KZ,82.17,clear sky,44.5086,50.263,Oasis hotel Bautino
206,Flin Flon,CA,73.69,overcast clouds,54.7682,-101.865,Victoria Inn Flin Flon
208,Kutum,SD,75.99,overcast clouds,14.2,24.6667,Dibbo areaŸÖŸÜÿ∑ŸÇÿ© ÿØÿ®Ÿà
212,Brewster,US,77.32,clear sky,41.3973,-73.6171,Heidi's Inn
213,Jega,NG,77.11,light rain,12.2175,4.3792,ALH. Nasiru Ibrahim
218,Chabahar,IR,86.54,overcast clouds,25.2919,60.643,Ÿáÿ™ŸÑ ⁄ØÿØÿ±Ÿàÿ¥€åÿß
221,Hamilton,US,74.75,mist,39.1834,-84.5333,Six Acres Bed & Breakfast
222,Komsomolskiy,UZ,79.52,clear sky,40.4272,71.7189,Ikathouse
224,Moralillo,MX,84.43,scattered clouds,22.2167,-97.9,Hotel San Antonio
226,Riyadh,SA,86.14,clear sky,24.6877,46.7219,"InterContinental Riyadh, an IHG Hotel"
227,Nisia Floresta,BR,73.78,few clouds,-6.0911,-35.2086,Rancho Crepusculo
228,Khilok,RU,76.6,clear sky,51.3674,110.4676,"Gostevoy Dom ""Magnit"""
229,Los Banos,PH,81.79,overcast clouds,14.1667,121.1833,Sol Y Viento Mountain Hot Springs and Resort
230,Iwaki,JP,89.02,overcast clouds,37.05,140.8833,Toyoko Inn Iwaki Ekimae
232,Soledad,CO,80.73,broken clouds,10.9184,-74.7646,Hospedaje descanso
233,Aswan,EG,83.5,clear sky,24.0934,32.907,Nuba Nile
237,Pedernales,DO,81.0,clear sky,18.0384,-71.744,Hotel Costa Marina
238,Auki,SB,86.68,clear sky,-8.7676,160.7034,Auki Motel
239,Fort Nelson,CA,76.59,broken clouds,58.8053,-122.7002,The Fort Nelson Hotel
241,Sol-Iletsk,RU,73.6,clear sky,51.1631,54.9918,Raduzhnaya
246,Bandarbeyla,SO,78.84,overcast clouds,9.4942,50.8122,JABIR HOTEL
250,Tarrafal,CV,75.99,broken clouds,15.2833,-23.7667,Hotel Ixola
252,Kendari,ID,78.35,overcast clouds,-3.945,122.4989,Hotel Wixel
253,Najran,SA,81.25,few clouds,17.4924,44.1277,ŸÖÿ≠ŸÖÿØ ŸáÿßÿØŸä ÿßŸÑ ŸÅÿ∑Ÿäÿ≠
255,Tuscaloosa,US,87.58,clear sky,33.2098,-87.5692,Hampton Inn Tuscaloosa-University
256,Katsuura,JP,81.32,overcast clouds,35.1333,140.3,Katsuura Hotel Mikazuki
258,Lompoc,US,85.78,clear sky,34.6391,-120.4579,"Holiday Inn Express Lompoc, an IHG Hotel"
259,Lorengau,PG,84.15,moderate rain,-2.0226,147.2712,Lorengau Harbourside Hotel
260,Waingapu,ID,82.15,broken clouds,-9.6567,120.2641,Pondok Wisata Elim
265,Banda Aceh,ID,83.32,few clouds,5.5577,95.3222,OYO 884 Rumoh PMI Hotel
269,Dingle,PH,75.24,moderate rain,10.9995,122.6711,SEGAYA PROPERTY
271,Kijang,KR,73.13,heavy intensity rain,35.2442,129.2139,Samyang Beach Villa
272,Narasannapeta,IN,81.45,heavy intensity rain,18.4167,84.05,AVK events and catering
274,Carutapera,BR,75.56,few clouds,-1.195,-46.02,Lidera
275,San Policarpo,PH,83.41,overcast clouds,12.1791,125.5072,Agapita M. Nicart
276,Sioux Lookout,CA,78.87,broken clouds,50.1001,-91.917,Knobby's Fly-In Camps
279,Billings,US,91.17,broken clouds,45.7833,-108.5007,Best Western Plus Clocktower Inn
280,Acapulco,MX,84.02,overcast clouds,16.8634,-99.8901,HS Hotsson Smart Acapulco
281,Majene,ID,77.13,light rain,-3.5403,118.9707,Kost Putri RABBANI
285,Mount Isa,AU,74.97,clear sky,-20.7333,139.5,ibis Styles Mt Isa Verona
286,Conceicao Do Araguaia,BR,74.46,clear sky,-8.2578,-49.2647,Tarum√£ Tropical Hotel
287,San Quintin,MX,70.09,clear sky,30.4833,-115.95,Don Eddie's Sport Fishing Center
288,Byron Bay,AU,71.71,clear sky,-28.65,153.6167,Backpackers Inn
289,Rapid Valley,US,93.4,clear sky,44.0625,-103.1463,Fairfield Inn & Suites by Marriott Rapid City
290,Callaway,US,81.95,clear sky,30.153,-85.5699,"Holiday Inn Express & Suites Panama City-Tyndall, an IHG Hotel"
291,Namatanai,PG,85.37,light rain,-3.6667,152.4333,Seagulls Inn Namatani
292,Mana,GF,77.97,overcast clouds,5.6592,-53.7767,LE SAMANA
294,Loreto,MX,70.27,few clouds,22.2667,-101.9667,Jos√© de Jes√∫s Vel√°squez mora
296,Kalangala,UG,72.75,light rain,-0.3089,32.225,Ssese Habitat Resort
300,Mallasamudram,IN,78.04,overcast clouds,11.4833,78.0333,Suresh Complex & Appartments
301,Atar,MR,91.67,broken clouds,20.5169,-13.0499,Oumou Elghoura
304,Ponta Delgada,PT,74.5,broken clouds,37.7333,-25.6667,Vila Nova Hotel
311,Olive Branch,US,91.08,clear sky,34.9618,-89.8295,"Holiday Inn Express & Suites Olive Branch, an IHG Hotel"
313,Vila Franca Do Campo,PT,74.19,broken clouds,37.7167,-25.4333,Pestana Bahia Praia
316,Cabo San Lucas,MX,90.7,clear sky,22.8909,-109.9124,Hotel Tesoro Los Cabos
318,Arlit,NE,89.76,clear sky,18.7369,7.3853,Case de Passage De la Prefecture
320,Kloulklubed,PW,82.9,broken clouds,7.0419,134.2556,Storyboard Beach Resort
322,Port-Gentil,GA,74.3,scattered clouds,-0.7193,8.7815,Fengshui Residence
323,Sai Buri,TH,81.97,overcast clouds,6.7013,101.6168,‡∏™‡∏ß‡∏ô‡∏õ‡πà‡∏≤‡∏£‡∏µ‡∏™‡∏≠‡∏£‡πå‡∏ó
324,Chittur,IN,76.55,overcast clouds,10.7,76.75,Cee Dee Regency
326,Bhind,IN,92.21,overcast clouds,26.5642,78.7883,Hotel Kanha Palace and Family Restaurant
328,Niltepec,MX,77.99,overcast clouds,16.5667,-94.6167,Hotel Palma Real
330,Jacareacanga,BR,77.61,clear sky,-6.2222,-57.7528,Casa do Ianüòé
331,Kavaratti,IN,82.04,overcast clouds,10.5669,72.642,Green leaf
332,Koungou,YT,76.71,scattered clouds,-12.7336,45.2042,Villa Netibor
333,Ixtapa,MX,77.23,overcast clouds,20.7,-105.2,hotel la terminal
334,Parit Buntar,MY,86.95,overcast clouds,5.1267,100.4932,K Garden Hotel Parit Buntar
337,Coahuayana,MX,77.97,overcast clouds,18.7333,-103.6833,El rranchito michuacan de ocampos
338,Broome,US,75.58,few clouds,42.2506,-75.833,Chenango Valley State Park
340,Minas De Barroteran,MX,92.53,clear sky,27.6333,-101.2833,Motel Venecia
346,Makat,KZ,88.07,clear sky,47.6469,53.3463,Umit
350,Jiazi,CN,86.02,overcast clouds,22.8779,116.067,Hotel Jin Hao
351,Tahta,EG,80.42,clear sky,26.7693,31.5021,ŸÅŸÜÿØŸÇ ÿßŸÑÿ≤Ÿäÿßÿ™
352,Maraba,BR,73.58,clear sky,-5.3686,-49.1178,Hotel Del Principe
353,Acarau,BR,78.66,clear sky,-2.8856,-40.12,castelo pizzaria
354,Baker City,US,88.2,clear sky,44.7749,-117.8344,Bridge Street Inn
355,Muscat,OM,86.02,light rain,23.6139,58.5922,Mutrah Hotel
358,Labuan,MY,82.76,few clouds,5.2767,115.2417,Tiara Labuan Hotel
359,Mangan,IN,78.06,overcast clouds,27.5167,88.5333,Hotel Mout View
361,Madridejos,ES,73.26,clear sky,39.4682,-3.532,CASA RURAL LA ALAMEDA
365,Naraina,IN,86.94,broken clouds,26.7833,75.2,Acharya Shri Jayant Satsang Bhavan
369,Rohru,IN,71.01,broken clouds,31.2167,77.75,Circuit House
370,Matagami,CA,75.31,clear sky,49.7502,-77.6328,Motel Le Caribou
371,Corinto,GR,76.89,clear sky,37.9407,22.9573,Ephira Hotel
373,La Ronge,CA,79.05,broken clouds,55.1001,-105.2842,Northland Motor Hotel
375,Touros,BR,75.65,scattered clouds,-5.1989,-35.4608,INN NEW HORIZON
376,Trogir,HR,78.85,clear sky,43.5125,16.2517,Hotel Medena
377,Zhanakorgan,KZ,85.23,clear sky,43.9098,67.2495,"""–ê“õ–ø–∞–ª–∞—Å"" “õ–æ–Ω–∞“õ “Ø–π—ñ"
378,Saint George,US,87.75,overcast clouds,37.1041,-113.5841,Best Western Plus Abbey Inn
379,Hirara,JP,89.46,broken clouds,24.8,125.2833,Hotel Atoll Emerald Miyakojima
380,Shirvan,AZ,76.68,clear sky,39.9509,48.8994,N…ôriman N…ôrimanov k√º√ß…ôsi ≈ûirvan Az…ôrbaycan
381,Apatou,GF,74.16,overcast clouds,5.155,-54.3472,Yoto quensha
389,Ilebo,CD,75.63,overcast clouds,-4.3167,20.5833,H√¥tel BUMAK
390,Jinchang,CN,75.74,overcast clouds,38.4953,102.1739,Mingshihui Jinchang International Hotel
394,Sawakin,SD,85.3,overcast clouds,19.1059,37.3321,ŸÅŸÜÿØŸÇ ÿßŸÑÿØŸàŸäŸÖ
395,Kahului,US,85.96,few clouds,20.8947,-156.47,Maui Seaside Hotel
398,Pierre,US,91.85,clear sky,44.3683,-100.351,Ramkota Hotel
400,Baracoa,CU,80.02,few clouds,20.3467,-74.4958,Hostal Rio Miel
401,Cockburn Town,TC,82.36,scattered clouds,21.4612,-71.1419,Osprey Beach Hotel
402,Port Hueneme,US,93.51,few clouds,34.1478,-119.1951,Hampton Inn Channel Islands Harbor
404,Fairmont,US,74.32,light rain,39.4851,-80.1426,Clarion Inn
405,Tomatlan,MX,76.24,overcast clouds,19.9333,-105.25,El Salvial
407,Harper,LR,74.55,broken clouds,4.375,-7.7169,Screensaver
408,Basoko,CD,71.92,light rain,1.2391,23.616,Jackyna Hotel
410,Biak,ID,72.97,moderate rain,-0.9131,122.8766,Penginapan Kim
412,Zabid,YE,84.87,overcast clouds,14.1951,43.3152,ŸÖÿ∫ÿ±ÿ® ÿßŸÑÿ™ÿ±Ÿäÿ®Ÿá
413,San Pedro De Macoris,DO,81.21,clear sky,18.4616,-69.2972,Apartahotel Guaraguao
422,Levokumka,RU,70.05,scattered clouds,44.2317,43.15,Euro Hotel
425,Bubaque,GW,80.29,light rain,11.2833,-15.8333,"Casa Dora, Bubaque"
426,Petropavlovsk-Kamchatskiy,RU,73.99,few clouds,53.0452,158.6483,The Hotel Petropavlovsky
428,Saint-Georges,GD,82.08,few clouds,12.0564,-61.7485,Radisson Grenada Beach Resort
429,Kundiawa,PG,76.32,broken clouds,-6.0167,144.9667,Pari
430,Kiunga,PG,82.92,overcast clouds,-6.1219,141.2906,Airport Lodge Kiunga
432,Umm Lajj,SA,82.56,scattered clouds,25.0213,37.2685,Moon light Furnished Units
436,Savannah Bight,HN,82.94,scattered clouds,16.45,-85.85,Villa on Dunbar Rock
438,Misawa,JP,81.61,scattered clouds,40.6836,141.3597,Hoshino Resorts Aomoriya
439,Bocas Del Toro,PA,80.11,overcast clouds,9.3333,-82.25,Hotel Bocas del Toro
442,Paka,MY,82.33,few clouds,4.6374,103.4368,RUMBIA RESORT VILLA Paka Terengganu
443,Codajas,BR,79.03,broken clouds,-3.8367,-62.0569,Atl√¢ntic Hotel
444,Conde,BR,71.06,few clouds,-7.2597,-34.9075,Pousada Beija Flor
446,Djibo,BF,80.8,broken clouds,14.1022,-1.6306,Centre Des Ressources DPENA
447,Kuching,MY,79.02,few clouds,1.55,110.3333,Hilton Kuching
448,Derzhavinsk,KZ,71.53,broken clouds,51.1,66.3167,Ooo.khim Baza
449,Koutiala,ML,77.76,light rain,12.3917,-5.4642,Hotel La Chaumiere
450,Neiafu,TO,81.28,scattered clouds,-18.65,-173.9833,Mystic Sands Beachfront Accommodation
455,Puerto Carreno,CO,75.94,overcast clouds,6.189,-67.4859,Casa Hotel Victoria
457,Duluth,US,81.18,clear sky,46.7833,-92.1066,South Pier Inn
458,Botou,CN,90.61,clear sky,38.0667,116.5667,Hanting Hotel Huanghua City Hall
460,Natal,BR,73.62,clear sky,-5.795,-35.2094,Villa Park Hotel | Natal
461,Marrakesh,MA,77.07,few clouds,31.6315,-8.0083,Les Jardins de La Koutoubia
462,Arona,ES,71.91,clear sky,28.0996,-16.681,Paradise Court
463,Xapuri,BR,72.84,overcast clouds,-10.6517,-68.5044,Pousada dos Chapurys
464,Siocon,PH,79.38,overcast clouds,7.7061,122.1353,ABS Hotel
466,Amahai,ID,78.35,overcast clouds,-3.3333,128.9167,HOTEL ISABELA
468,Martapura,ID,80.69,light rain,-3.4167,114.85,Montana Hotel Syariah
469,Isangel,VU,80.71,broken clouds,-19.55,169.2667,Tanna Lodge
471,Kieta,PG,86.09,clear sky,-6.2167,155.6333,Uruna Bay Retreat
472,Asyut,EG,78.98,clear sky,27.181,31.1837,ŸÅŸÜÿØŸÇ ŸÖŸäÿ≥ ÿ•Ÿäÿ¨Ÿäÿ®ÿ™ Miss Egypt Hotel
474,Kapuskasing,CA,77.09,haze,49.4169,-82.4331,Park Inn Motel
477,Jalu,LY,78.06,clear sky,29.0331,21.5482,ÿµÿßÿ≠ÿ®ÿ© ÿßŸÑŸÅÿÆÿßŸÖÿ©
481,Fiumicino,IT,79.63,clear sky,41.7675,12.2291,Hotel Al Porticciolo
482,Juegang,CN,86.92,overcast clouds,32.3174,121.1855,Rudong Y Hotel
483,Vilyuysk,RU,71.04,overcast clouds,63.7553,121.6247,Gostinitsa Viliuisk
485,Lazaro Cardenas,MX,81.3,broken clouds,17.9583,-102.2,HOTEL QUINTA ANTIGUA
487,Zacualpan,MX,80.53,overcast clouds,21.25,-105.1667,La Colorada B&B
492,Fare,PF,77.0,few clouds,-16.7,-151.0167,Maitai Lapita Village Huahine
494,Nouadhibou,MR,71.58,sand,20.931,-17.0347,El Medina
496,Mingaora,PK,80.38,clear sky,34.7758,72.3625,Burj Al Swat
497,Brigantine,US,78.04,overcast clouds,39.4101,-74.3646,Legacy Vacation Resorts - Brigantine Beach
499,Manaus,BR,84.7,clear sky,-3.1019,-60.025,Manaus Hot√©is Millennium
505,Bol,TD,77.04,overcast clouds,13.4586,14.7147,Harrouni camp de passage
507,Itoman,JP,86.77,broken clouds,26.1247,127.6694,Southern Beach Hotel & Resort Okinawa
509,Kainantu,PG,74.07,overcast clouds,-6.2887,145.8655,Sylvester buku
510,Bejar,ES,72.01,clear sky,40.3864,-5.7634,Posada Puerta Grande
512,Sorong,ID,81.77,broken clouds,-0.8833,131.25,Waigo Splash Hotel
513,Masallatah,LY,71.65,clear sky,32.6167,14.0,Mustafa Taher Sowaidan
514,Nador,MA,77.25,clear sky,35.174,-2.9287,H√¥tel La Giralda
515,Porto Walter,BR,71.51,overcast clouds,-8.2686,-72.7439,Hotel Silva
516,Siirt,TR,77.56,clear sky,37.9326,41.9403,Barden Otel
517,Xicotencatl,MX,87.48,clear sky,23.0167,-98.8833,Misioneros V√°zquez Mireles
518,Caravelas,BR,70.11,clear sky,-17.7125,-39.2481,Pousada dos Navegantes
520,Princeton,US,85.01,few clouds,25.5384,-80.4089,American Best Inn
521,Jaen,ES,75.94,clear sky,38.0,-3.5,Hotel TRH Baeza
522,Opelousas,US,84.09,clear sky,30.5335,-92.0815,"Holiday Inn & Suites Opelousas, an IHG Hotel"
525,Sorada,IN,78.78,broken clouds,19.75,84.4333,PWD Guest House
526,Wajir,KE,70.61,overcast clouds,1.7471,40.0573,Mahatallah Hotel
527,Olinda,BR,76.73,few clouds,-8.0089,-34.8553,Flat Quatro Rodas Olinda
528,Rincon,US,80.85,broken clouds,32.296,-81.2354,Days Inn Rincon
529,Baculin,PH,80.22,overcast clouds,7.4525,126.5842,Baculin Cove Beach Resort
530,Sham Churasi,IN,88.57,clear sky,31.4997,75.7494,Victoria Resorts
533,Ajdabiya,LY,76.73,clear sky,30.7554,20.2263,Almadina Hotel
534,Aleksandrov Gay,RU,71.53,few clouds,50.147,48.5704,Gostinitsa
535,Wuwei,CN,74.77,overcast clouds,37.9281,102.6414,Thank Inn Chain Hotel gansu wuwei liangzhou district xiguan middle road
538,Bilma,NE,86.56,clear sky,18.6853,12.9164,Expeditions T√©n√©re voyages
540,Labuhan,ID,80.22,broken clouds,-6.8844,112.2051,DoubleFAG
541,Nanae,JP,70.03,broken clouds,41.8833,140.6833,„Å®„Åø„ÇÑÊóÖÈ§®
542,Hobyo,SO,75.49,broken clouds,5.3505,48.5268,Iftin hotel hobyo
543,Fukue,JP,80.96,light rain,32.6881,128.8419,Goto Guesthouse Utojuku & SA Car Rental
545,Dali,CN,72.52,light rain,25.7,100.1833,Dali Travelling With Hostel
546,Erenhot,CN,75.74,clear sky,43.6475,111.9767,Erenhot Rurouni Youth Hostel
550,Bathsheba,BB,81.21,few clouds,13.2167,-59.5167,Atlantis Hotel
553,Kalikapur,IN,80.49,scattered clouds,22.6167,86.2833,Rabindra nath singh
555,Eydhafushi,MV,81.16,heavy intensity rain,5.1033,73.0708,Soneva Fushi
556,Diplahan,PH,75.02,overcast clouds,7.7167,123.0167,Gotz Farm
557,Wajima,JP,81.28,broken clouds,37.4,136.9,Wajiima Onsen Yashio
559,Ust-Nera,RU,75.18,broken clouds,64.5667,143.2,Hotel Ust-Nera
561,Tabou,CI,74.41,broken clouds,4.423,-7.3528,hot√™l doufoulougou
562,Mingshui,CN,88.14,broken clouds,36.7167,117.5,Grace Inn Zhangqiu Station Avenue Branch
563,Arrifes,PT,72.23,broken clouds,37.7667,-25.7,Hotel Ponta Delgada
564,San Diego,US,88.3,scattered clouds,32.7153,-117.1573,Hilton San Diego Bayfront
565,Excelsior Springs,US,84.07,clear sky,39.3392,-94.2261,The Elms Hotel & Spa
566,Kismayo,SO,75.61,scattered clouds,-0.3582,42.5454,Agan-Hotel
567,Gazli,UZ,87.48,clear sky,40.1333,63.45,UTG Uy-joy kommunal xo ªjaligi
568,Bago,MM,82.35,broken clouds,17.3367,96.4797,Jade Garden
570,Babu,CN,85.51,overcast clouds,24.4167,111.5167,IU Hotel Hezhou Bus Terminal
572,Jasper,US,90.23,clear sky,37.2001,-94.3502,Guest House Motel
574,Nogales,MX,89.17,clear sky,31.3086,-110.9422,Siesta Motel
576,Tabuk,PH,84.27,moderate rain,17.4189,121.4443,Golden Berries Hotel and Convention
577,Nakhon Thai,TH,84.38,broken clouds,17.1006,100.8374,‡∏≠‡∏µ‡πä‡∏ü‡∏Å‡∏∞‡πÅ‡∏≠‡∏°‡∏õ‡πå‡∏£‡∏µ‡∏™‡∏≠‡∏£‡πå‡∏ó EVEKAAMP Resort
579,Nichinan,JP,80.28,overcast clouds,31.6,131.3667,Guest House Aki
582,Mayo,US,81.99,clear sky,38.8876,-76.5119,Resorts Resource Group International
586,Maues,BR,78.71,broken clouds,-3.3836,-57.7186,Hotel Miramar
587,Sarai Naurang,PK,88.75,few clouds,32.8259,70.7814,Taj Mahal hotel
588,Baoqing,CN,72.57,overcast clouds,46.3317,132.2111,Baoqing Hotel
589,Havelock,US,82.35,clear sky,34.8791,-76.9013,Sherwood Motel
590,Isla Mujeres,MX,84.16,clear sky,21.2311,-86.731,Hotel La Joya Isla Mujeres
591,Taitung,TW,89.87,broken clouds,22.7583,121.1444,Taitung Bali Suites Hotel
592,Kattivakkam,IN,82.49,moderate rain,13.2167,80.3167,Euronova Freezer
593,San Jose,US,86.11,clear sky,37.3394,-121.895,The Westin San Jose
595,Ginda,IN,72.34,few clouds,30.6945,78.4932,Sunil Bisht
596,Amalapuram,IN,77.43,moderate rain,16.5833,82.0167,swayamprabha service apartments
597,Maragogi,BR,73.83,clear sky,-9.0122,-35.2225,Salinas do Maragogi All Inclusive Resort
598,Sao Joao Da Barra,BR,71.65,broken clouds,-21.6403,-41.0511,Pousada Porto De Canoas
599,Guerrero Negro,MX,70.65,clear sky,27.9769,-114.0611,"Casa Laguna, Bed & Breakfast"
600,Madang,PG,87.89,broken clouds,-5.2246,145.7966,Comfort Inn Hotel
602,Pacific Grove,US,72.25,few clouds,36.6177,-121.9166,Lovers Point Inn
603,Wanning,CN,87.28,overcast clouds,18.8003,110.3967,Paradise Hotel
605,Anloga,GH,74.79,broken clouds,5.7947,0.8973,Pin Drop Hotel
606,Kandrian,PG,85.6,scattered clouds,-6.2167,149.55,Kandrian Station
608,Kushiro,JP,74.35,fog,42.975,144.3747,Toyoko Inn Kushiro Jujigai
611,Gushikawa,JP,86.0,broken clouds,26.3544,127.8686,Kirari Guest House
613,Sabya,SA,83.82,overcast clouds,17.1495,42.6254,Aseel Hotel Apartment
614,Chaohu,CN,84.0,broken clouds,31.6,117.8667,Shell Hefei Chaohu Railway Station Wanda Plaza Hotel
615,Tautira,PF,75.63,broken clouds,-17.7333,-149.15,Pension Oaoa
619,Kushima,JP,81.23,light rain,31.4583,131.2333,Hanaoka
622,Hay River,CA,80.58,overcast clouds,60.8156,-115.7999,Ptarmigan Inn
627,Dhidhdhoo,MV,81.79,overcast clouds,6.8833,73.1,Dhidhoo beach
628,Cleethorpes,GB,70.12,overcast clouds,53.5605,-0.0323,Comat Hotel
629,Wewak,PG,85.68,broken clouds,-3.5534,143.6268,In Wewak Boutique Hotel
632,Verkhniy Baskunchak,RU,75.72,clear sky,48.2256,46.7217,Kombat
634,Kurchum,KZ,74.26,broken clouds,48.5722,83.6542,"""Kneda"" Hotel"
635,Ardakan,IR,81.01,clear sky,32.31,54.0175,Ardakan Hotel
637,Obidos,BR,77.97,overcast clouds,-1.9175,-55.5181,Hotel Amaz√¥nia Center
638,Chiang Mai,TH,86.9,few clouds,18.75,99.0,Centara Riverside Hotel Chiangmai
640,Mayfield,US,82.15,clear sky,36.7417,-88.6367,Super 8 by Wyndham Mayfield
641,Dulce Nombre De Culmi,HN,70.45,overcast clouds,15.1,-85.5333,Hotel Zuniama
643,Grand-Santi,GF,72.28,overcast clouds,4.25,-54.3833,Hotel La Villa Couacou
646,Fengrun,CN,85.77,scattered clouds,39.8333,118.1167,Super 8 Tangshan North Railway Station Tangfeng Road
648,Rosario Oeste,BR,70.34,clear sky,-14.8361,-56.4275,Alvorada Palace accomodation
649,Beyneu,KZ,87.64,clear sky,45.3167,55.2,NUR
651,Izumo,JP,82.35,moderate rain,35.3667,132.7667,Toyoko-Inn Izumoshi ekimae
653,Kununurra,AU,78.78,broken clouds,-15.7667,128.7333,Hotel Kununurra
654,Les Cayes,HT,80.51,broken clouds,18.2,-73.75,Villa Orphee
655,Pangkalanbuun,ID,81.64,overcast clouds,-2.6833,111.6167,Grand Kecubung Hotel
656,Huilong,CN,86.94,broken clouds,31.8111,121.655,Hilton Garden Inn Qidong
657,Sola,VU,80.37,scattered clouds,-13.8833,167.55,Leumerus Bungalows
658,Dandong,CN,74.39,overcast clouds,40.1292,124.3947,Yiranju Farmstay
660,Gigmoto,PH,86.25,overcast clouds,13.7796,124.39,Cj's Travellers Inn
661,Shingu,JP,87.33,overcast clouds,33.7333,135.9833,Shingu UI Hotel
664,Itarema,BR,78.3,clear sky,-2.9248,-39.9167,"Sea Lounge! Bar, Club & Restaurant"
665,Santa Rosa,PH,86.11,light rain,14.3122,121.1114,Erlyn‚Äôs Sta Rosa City Home
666,Black River,JM,80.74,clear sky,18.0264,-77.8487,Idlers' Rest Beach Hotel
671,Kapoeta,SS,77.95,broken clouds,4.7717,33.5903,Eastgate Hotel
673,Honghu,CN,87.33,broken clouds,29.8206,113.4621,ÊñáÊ≥âËä±Âõ≠ÈÖíÂ∫ó
674,Port Blair,IN,82.44,mist,11.6667,92.75,"Welcomhotel By ITC Hotels, Bay Island, Port Blair"
676,Kindu,CD,70.12,broken clouds,-2.95,25.95,R√©sidence Okanda
680,Wuchang,CN,72.39,overcast clouds,44.9143,127.15,ÊùèËä±Â±±
681,Goderich,CA,77.32,overcast clouds,43.7501,-81.7165,Harmony Inn
682,West Richland,US,88.05,clear sky,46.3043,-119.3614,Horn Rapids RV Resort
684,Sinnamary,GF,77.88,scattered clouds,5.3833,-52.95,ALETHEIA Appartement Sinnamary
685,Ambulu,ID,80.1,broken clouds,-8.345,113.6058,Hotel Ambulu Jember
686,Eston,CA,82.92,scattered clouds,51.1501,-108.7514,Hearthside Place B&B
687,Jiexiu,CN,82.06,overcast clouds,37.0244,111.9125,IU Hotel Jinzhong Yuhua Road
689,Svobodnyy,RU,77.31,overcast clouds,51.4,128.1333,Alekseevskij Hotel
690,Calabozo,VE,79.25,overcast clouds,8.9242,-67.4293,Hotel Giardini
691,Labelle,US,84.22,overcast clouds,26.7617,-81.4384,Port LaBelle Inn
692,Oriximina,BR,77.14,scattered clouds,-1.7656,-55.8661,Pousada Tia Am√©lia
694,Chardara,KZ,80.13,clear sky,41.2547,67.9692,–ñ–∞–Ω–∞—Ä–≥—É–ª
696,Barra Do Garcas,BR,72.0,clear sky,-15.89,-52.2567,Pousada Tropical
