City_ID,City,Country,Lat,Lng,Max Temp,Humidity,Cloudiness,Wind Speed,Weather description
0,Bud,US,39.447,-86.1758,71.62,97,100,5.61,overcast clouds
1,Bouca,CF,6.5105,18.2733,69.58,99,100,4.09,overcast clouds
2,Mataura,NZ,-46.1927,168.8643,55.47,62,99,13.6,light rain
3,Puerto Ayora,EC,-0.7393,-90.3518,68.56,89,74,5.01,broken clouds
4,Hegang,CN,47.4,130.3667,65.98,91,100,3.85,overcast clouds
5,Georgetown,MY,5.4112,100.3354,84.13,93,20,3.44,haze
6,Cherskiy,RU,68.75,161.3,52.61,40,76,18.79,broken clouds
7,Butaritari,KI,3.0707,172.7902,82.36,73,12,13.71,few clouds
8,Port Alfred,ZA,-33.5906,26.891,66.11,39,2,10.02,clear sky
9,Padang,ID,-0.9492,100.3543,77.05,55,11,1.03,few clouds
10,Lebu,CL,-37.6167,-73.65,46.33,69,88,5.28,overcast clouds
11,Luau,AO,-10.7073,22.2247,55.38,47,64,4.65,broken clouds
12,Punta Arenas,CL,-53.15,-70.9167,33.91,86,20,27.63,few clouds
13,Palu,ID,-0.8917,119.8707,76.03,88,100,4.63,light rain
14,Viesca,MX,25.35,-102.8,91.4,24,20,14.81,few clouds
15,Okahandja,NA,-21.9833,16.9167,47.39,50,0,8.75,clear sky
16,Pisco,PE,-13.7,-76.2167,62.02,82,3,11.5,clear sky
17,Hermanus,ZA,-34.4187,19.2345,49.8,82,1,6.35,clear sky
18,Provideniya,RU,64.3833,-173.3,44.71,65,40,18.01,scattered clouds
19,Torbay,CA,47.6666,-52.7314,65.17,74,75,12.66,broken clouds
20,Sistranda,NO,63.7256,8.834,54.07,86,99,18.54,overcast clouds
21,Susanville,US,40.4163,-120.653,89.91,26,0,14.0,clear sky
22,Iracoubo,GF,5.4802,-53.2011,77.34,84,26,7.67,scattered clouds
23,Praya,CV,14.9215,-23.5087,75.74,69,20,11.5,few clouds
24,Yulara,AU,-25.2406,130.9889,63.61,16,97,16.69,overcast clouds
25,Matara,LK,5.9485,80.5353,79.97,81,91,9.37,overcast clouds
26,Ejura,GH,7.3856,-1.3562,70.3,95,100,6.11,overcast clouds
27,Laguna,US,38.421,-121.4238,105.31,21,0,10.36,clear sky
28,Hamina,FI,60.5697,27.1979,49.28,89,87,9.37,overcast clouds
29,Marzuq,YE,14.4,46.4667,77.09,26,91,1.61,overcast clouds
30,Saint-Philippe,RE,-21.3585,55.7679,67.59,86,65,16.6,light rain
31,Jamestown,US,42.097,-79.2353,69.39,98,100,5.75,light rain
32,Ulkan,RU,57.243,107.3223,70.86,57,41,2.62,scattered clouds
33,Half Moon Bay,US,37.4636,-122.4286,82.54,73,0,19.57,mist
34,Saint Anthony,US,45.0205,-93.218,85.17,63,20,9.22,few clouds
35,Dikson,RU,73.5069,80.5464,44.26,77,93,8.08,overcast clouds
36,Arraial Do Cabo,BR,-22.9661,-42.0278,71.15,90,12,13.85,few clouds
37,Shimoda,JP,34.6667,138.95,84.56,80,99,15.55,overcast clouds
38,Bethel,US,41.3712,-73.414,75.76,83,100,3.06,overcast clouds
39,Tasiilaq,GL,65.6145,-37.6368,39.36,82,95,4.41,overcast clouds
40,Chokurdakh,RU,70.6333,147.9167,57.56,39,26,16.02,scattered clouds
41,Busselton,AU,-33.65,115.3333,57.56,81,42,13.49,scattered clouds
42,Port Elizabeth,ZA,-33.918,25.5701,64.31,89,0,10.36,clear sky
43,Albany,US,42.6001,-73.9662,78.17,68,100,4.27,overcast clouds
44,Macuspana,MX,17.7667,-92.6,84.22,80,11,4.45,few clouds
45,Petlawad,IN,23.0,74.8,75.65,93,100,13.85,moderate rain
46,Norman Wells,CA,65.282,-126.8329,78.84,34,75,10.36,broken clouds
47,Saint-Augustin,CA,51.226,-58.6502,57.11,97,99,9.33,overcast clouds
48,Cayenne,GF,4.9333,-52.3333,83.08,1,100,3.0,overcast clouds
49,Avarua,CK,-21.2078,-159.775,75.25,73,75,11.5,broken clouds
50,Buala,SB,-8.145,159.5921,85.3,67,37,9.66,scattered clouds
51,Ondjiva,AO,-17.0667,15.7333,50.52,46,0,8.32,clear sky
52,Los Llanos De Aridane,ES,28.6585,-17.9182,67.75,94,0,16.11,clear sky
53,Carnarvon,AU,-24.8667,113.6333,69.55,59,27,12.1,scattered clouds
54,Cidreira,BR,-30.1811,-50.2056,50.45,77,0,4.23,clear sky
55,Atuona,PF,-9.8,-139.0333,78.01,77,19,20.47,light rain
56,Ushuaia,AR,-54.8,-68.3,35.26,87,75,17.27,broken clouds
57,Hilo,US,19.7297,-155.09,91.27,83,75,11.5,broken clouds
58,Waipawa,NZ,-41.4122,175.5153,52.32,74,83,17.38,broken clouds
59,Demba,CD,-5.51,22.2667,66.99,55,45,2.15,scattered clouds
60,Jieshi,CN,22.8134,115.8257,85.46,78,100,15.5,overcast clouds
61,Sovetskiy,RU,61.3614,63.5842,64.62,51,100,1.9,overcast clouds
62,Sao Filipe,CV,14.8961,-24.4956,73.85,81,91,12.08,overcast clouds
63,Teya,RU,60.3778,92.6267,58.32,90,100,8.55,light rain
64,Husavik,IS,66.0449,-17.3389,44.82,90,66,1.05,broken clouds
65,Nizhniy Kuranakh,RU,58.8353,125.4869,81.63,53,83,5.95,broken clouds
66,Onguday,RU,50.75,86.15,61.3,90,94,3.87,overcast clouds
67,New Norfolk,AU,-42.7826,147.0587,42.93,77,73,1.01,broken clouds
68,Nome,US,64.5011,-165.4064,55.47,71,100,16.11,overcast clouds
69,Abu Ghosh,IL,31.8059,35.1093,69.1,90,2,2.15,clear sky
70,Cap Malheureux,MU,-19.9842,57.6142,69.48,66,59,5.99,broken clouds
71,Bengkulu,ID,-3.8004,102.2655,81.82,69,12,1.32,few clouds
72,Toba,JP,34.4833,136.85,80.6,67,100,4.74,overcast clouds
73,Barrow,US,71.2906,-156.7887,42.82,81,40,16.11,scattered clouds
74,Blackwater,AU,-23.5833,148.8833,71.76,41,3,4.09,clear sky
75,Teshie,GH,5.5836,-0.1072,74.64,83,80,8.48,broken clouds
76,Kwakoa,TZ,-3.7667,37.7167,63.59,83,69,1.14,broken clouds
77,Paamiut,GL,61.994,-49.6678,43.92,84,100,1.34,overcast clouds
78,Hobart,AU,-42.8794,147.3294,43.27,75,40,17.27,scattered clouds
79,Teguldet,RU,57.3064,88.1667,51.93,97,100,9.95,overcast clouds
80,Kirakira,SB,-10.4544,161.9205,83.68,74,37,10.2,scattered clouds
81,Lindi,TZ,-10.0,39.7167,64.65,96,10,5.1,clear sky
82,Broken Hill,AU,-31.95,141.4333,53.22,43,5,10.49,clear sky
83,Flinders,AU,-34.5833,150.8552,58.17,46,1,10.0,clear sky
84,Luderitz,NA,-26.6481,15.1594,61.59,55,2,7.09,clear sky
85,Kottayam,IN,9.5833,76.5167,76.05,97,99,3.22,light rain
86,Astrea,CO,9.4983,-73.9759,75.2,96,53,4.99,broken clouds
87,Victoria,HK,22.2855,114.1577,90.97,83,100,11.01,overcast clouds
88,Ponta Do Sol,PT,32.6667,-17.1,72.01,81,15,4.65,few clouds
89,Khuzhir,RU,53.1939,107.3397,52.83,84,48,8.86,scattered clouds
90,Diu,IN,20.7141,70.9822,80.53,83,86,15.19,overcast clouds
91,Constitucion,CL,-35.3333,-72.4167,48.52,90,100,7.0,overcast clouds
92,Rikitea,PF,-23.1203,-134.9692,73.22,81,97,13.87,moderate rain
93,Faya,SA,18.3851,42.4509,64.51,30,61,5.77,broken clouds
94,Hasaki,JP,35.7333,140.8333,82.8,79,100,2.66,moderate rain
95,Muros,ES,42.7762,-9.0603,70.16,94,99,3.89,overcast clouds
96,Kasongo-Lunda,CD,-6.4667,16.8167,73.24,55,88,2.24,overcast clouds
97,Bambous Virieux,MU,-20.3428,57.7575,69.22,77,40,12.66,scattered clouds
98,Nanortalik,GL,60.1432,-45.2371,41.52,93,43,9.55,scattered clouds
99,Souillac,MU,-20.5167,57.5167,68.38,77,40,12.66,scattered clouds
100,Bluff,NZ,-46.6,168.3333,55.8,74,100,22.64,overcast clouds
101,Marystown,CA,47.1666,-55.1483,60.85,100,99,5.01,overcast clouds
102,Suntar,RU,62.1444,117.6319,67.82,61,82,5.46,broken clouds
103,Nikolskoye,RU,59.7035,30.7861,53.49,98,98,5.01,overcast clouds
104,Lagos,NG,6.5833,3.75,77.32,92,79,4.54,broken clouds
105,Lieksa,FI,63.3167,30.0167,52.27,89,49,4.38,scattered clouds
106,Shache,CN,38.4167,77.2406,84.45,16,0,2.46,clear sky
107,Khatanga,RU,71.9667,102.5,60.66,56,100,3.76,overcast clouds
108,Yellowknife,CA,62.456,-114.3525,66.72,77,75,0.0,light intensity shower rain
109,San Patricio,US,28.017,-97.5169,87.66,70,36,13.04,scattered clouds
110,Prince Rupert,CA,54.3161,-130.3201,59.09,78,100,3.44,overcast clouds
111,Dossor,KZ,47.5272,52.9811,88.36,23,3,17.67,clear sky
112,Ilulissat,GL,69.2167,-51.1,53.62,50,18,3.44,few clouds
113,Kruisfontein,ZA,-34.0033,24.7314,58.89,64,1,4.07,clear sky
114,Colquechaca,BO,-18.6667,-66.0167,29.62,80,61,3.2,broken clouds
115,Oussouye,SN,12.485,-16.5469,79.43,81,100,8.97,overcast clouds
116,Port Hardy,CA,50.6996,-127.4199,60.98,72,40,11.5,scattered clouds
117,Bredasdorp,ZA,-34.5322,20.0403,51.55,88,1,4.03,clear sky
118,Lobito,AO,-12.3481,13.5456,67.05,89,11,4.18,few clouds
119,Vila Velha,BR,-20.3297,-40.2925,73.35,87,0,5.75,clear sky
120,Ribeira Grande,PT,38.5167,-28.7,71.53,93,0,5.57,clear sky
121,Mahebourg,MU,-20.4081,57.7,69.26,77,40,12.66,scattered clouds
122,Maceio,BR,-9.6658,-35.7353,72.84,88,20,2.3,few clouds
123,Qaanaaq,GL,77.484,-69.3632,44.15,66,92,2.53,overcast clouds
124,Zhezkazgan,KZ,47.8043,67.7144,71.58,53,0,4.47,clear sky
125,Port Augusta,AU,-32.5,137.7667,56.75,54,13,5.21,few clouds
126,Parnamirim,BR,-5.9156,-35.2628,73.29,94,0,5.75,clear sky
127,Hithadhoo,MV,-0.6,73.0833,82.67,71,100,14.14,moderate rain
128,Makinsk,KZ,52.6292,70.4169,60.44,80,100,2.51,overcast clouds
129,Ust-Shonosha,RU,61.1531,41.343,52.74,88,100,2.77,overcast clouds
130,Kapaa,US,22.0752,-159.319,84.52,77,75,13.8,broken clouds
131,Tirthahalli,IN,13.7,75.2333,69.96,94,100,7.94,moderate rain
132,Saldanha,ZA,-33.0117,17.9442,50.05,93,0,7.72,clear sky
133,Upernavik,GL,72.7868,-56.1549,39.96,93,53,10.54,broken clouds
134,Cape Town,ZA,-33.9258,18.4232,59.88,89,75,10.36,broken clouds
135,Vanimo,PG,-2.6741,141.3028,85.23,64,100,2.86,overcast clouds
136,Kavieng,PG,-2.5744,150.7967,84.47,74,100,15.32,light rain
137,Salgueiro,BR,-8.0742,-39.1192,67.37,81,22,16.11,few clouds
138,Tiznit,MA,29.5833,-9.5,75.0,58,2,1.43,clear sky
139,Tyler,US,32.3513,-95.3011,95.05,43,0,8.05,clear sky
140,Mackay,AU,-21.15,149.2,76.68,68,0,12.01,clear sky
141,Kodiak,US,57.79,-152.4072,60.31,63,100,5.75,overcast clouds
142,Vaini,TO,-21.2,-175.2,78.96,89,40,9.22,scattered clouds
143,Sao Miguel Do Araguaia,BR,-13.275,-50.1628,72.73,34,1,6.08,clear sky
144,Latung,PH,5.5,120.8833,80.29,73,100,1.86,overcast clouds
145,Narsaq,GL,60.9167,-46.05,52.02,82,69,0.67,broken clouds
146,Hovd,MN,48.0056,91.6419,74.66,28,15,9.69,few clouds
147,Pascagoula,US,30.3658,-88.5561,84.25,83,0,3.44,clear sky
148,Thompson,CA,55.7435,-97.8558,73.56,56,75,11.5,broken clouds
149,Gorodishche,RU,48.8045,44.4744,70.68,68,0,6.71,clear sky
150,Murgab,TM,37.4966,61.9714,73.27,40,0,5.32,clear sky
151,Kaitangata,NZ,-46.2817,169.8464,58.87,55,99,12.17,overcast clouds
152,Ewa Beach,US,21.3156,-158.0072,87.75,65,75,17.27,light intensity drizzle
153,Ardmore,US,34.1743,-97.1436,98.02,33,0,8.05,clear sky
154,Nanyuki,KE,0.0167,37.0728,53.71,89,78,9.95,broken clouds
155,Eregli,TR,37.5133,34.0467,64.09,66,0,5.55,clear sky
156,Aklavik,CA,68.2191,-135.0107,73.94,39,100,9.93,overcast clouds
157,Mazyr,BY,52.0495,29.2456,49.01,96,37,6.82,scattered clouds
158,Nuuk,GL,64.1835,-51.7216,45.21,87,75,18.41,broken clouds
159,Homer,US,59.6425,-151.5483,60.67,74,75,13.8,broken clouds
160,Sungai Padi,TH,6.0851,101.8766,80.38,80,99,1.77,overcast clouds
161,Lata,PT,40.1629,-8.3327,61.88,90,90,1.45,overcast clouds
162,Salalah,OM,17.0151,54.0924,77.09,94,100,6.91,overcast clouds
163,Isugod,PH,9.3408,118.1196,82.38,77,100,3.49,overcast clouds
164,Felipe Carrillo Puerto,MX,19.5833,-88.05,78.44,75,42,4.74,scattered clouds
165,Lixourion,GR,38.2019,20.4314,77.38,66,0,1.12,clear sky
166,Mar Del Plata,AR,-38.0023,-57.5575,53.1,53,0,13.8,clear sky
167,Raga,SS,8.4596,25.678,68.65,97,100,3.96,overcast clouds
168,Qasigiannguit,GL,68.8193,-51.1922,53.85,76,54,7.29,broken clouds
169,Pimentel,PE,-6.8367,-79.9342,62.56,86,35,12.73,scattered clouds
170,Hami,CN,42.8,93.45,87.35,19,90,7.14,overcast clouds
171,Lewistown,US,40.5992,-77.5714,72.18,100,100,0.0,light rain
172,Makakilo City,US,21.3469,-158.0858,86.32,65,75,17.27,light intensity drizzle
173,Klaksvik,FO,62.2266,-6.589,52.72,86,63,19.73,broken clouds
174,Honiara,SB,-9.4333,159.95,88.75,51,10,9.1,clear sky
175,Ketchikan,US,55.3422,-131.6461,55.87,94,100,10.36,mist
176,Beloha,MG,-25.1667,45.05,62.33,81,0,10.07,clear sky
177,Agirish,RU,61.9247,63.0231,64.62,48,84,0.76,broken clouds
178,Warragul,AU,-38.1667,145.9333,50.11,87,84,7.0,broken clouds
179,Katobu,ID,-4.9408,122.5276,81.3,73,82,6.8,broken clouds
180,Ode,NG,7.7899,5.7117,66.9,97,89,5.14,overcast clouds
181,Chuy,UY,-33.6971,-53.4616,42.69,86,53,7.9,broken clouds
182,Lagoa,PT,39.05,-27.9833,70.03,94,0,9.6,clear sky
183,Saskylakh,RU,71.9167,114.0833,53.26,40,100,10.8,overcast clouds
184,Faanui,PF,-16.4833,-151.75,76.75,72,68,15.1,light rain
185,Palmer,US,42.1584,-72.3287,75.61,77,100,4.38,overcast clouds
186,Mont-Dore,NC,-22.2833,166.5833,84.18,99,44,5.5,scattered clouds
187,Nishihara,JP,26.1842,127.7558,86.05,86,100,16.11,overcast clouds
188,Talkha,EG,31.0539,31.3779,71.08,89,0,3.89,clear sky
189,Vao,NC,-22.6667,167.4833,72.54,78,46,16.44,scattered clouds
190,Fortuna,US,40.5982,-124.1573,64.9,69,1,3.0,clear sky
191,Rundu,NA,-17.9333,19.7667,45.95,53,0,5.57,clear sky
192,Karacabey,TR,40.2152,28.4038,71.98,90,0,4.97,clear sky
193,Vila Do Maio,CV,15.1333,-23.2167,75.99,79,51,20.38,broken clouds
194,Havre-Saint-Pierre,CA,50.2334,-63.5986,59.36,82,0,6.91,clear sky
195,Eirunepe,BR,-6.6603,-69.8736,78.24,75,75,2.57,broken clouds
196,Mokhsogollokh,RU,61.4681,128.9203,87.84,37,6,6.24,clear sky
197,Tura,IN,25.5198,90.2201,81.05,78,8,5.61,clear sky
198,Alofi,NU,-19.0595,-169.9187,78.69,78,24,19.57,few clouds
199,Antofagasta,CL,-23.65,-70.4,56.48,75,7,5.7,clear sky
200,Fort-Shevchenko,KZ,44.5086,50.263,82.17,52,0,7.4,clear sky
201,Miandrivazo,MG,-19.5167,45.4667,63.45,53,0,4.05,clear sky
202,Longyearbyen,SJ,78.2186,15.6401,58.84,67,75,19.57,broken clouds
203,La Chaux-De-Fonds,CH,47.0999,6.8259,58.46,71,10,1.14,clear sky
204,Chapais,CA,49.7834,-74.8492,67.78,63,58,5.19,broken clouds
205,Talnakh,RU,69.4865,88.3972,56.21,55,100,1.1,overcast clouds
206,Flin Flon,CA,54.7682,-101.865,73.69,50,99,4.88,overcast clouds
207,Dunedin,NZ,-45.8742,170.5036,57.04,64,100,8.66,overcast clouds
208,Kutum,SD,14.2,24.6667,75.99,61,89,10.25,overcast clouds
209,Tiksi,RU,71.6872,128.8694,40.28,67,100,6.2,overcast clouds
210,Panguna,PG,-6.3164,155.4848,82.83,50,16,4.32,few clouds
211,Hawera,NZ,-39.5917,174.2833,56.23,84,66,13.42,broken clouds
212,Brewster,US,41.3973,-73.6171,77.32,85,0,3.44,clear sky
213,Jega,NG,12.2175,4.3792,77.11,82,100,8.43,light rain
214,Tazovskiy,RU,67.4667,78.7,57.52,66,100,9.66,overcast clouds
215,Nemuro,JP,43.3236,145.575,65.07,94,95,10.25,overcast clouds
216,Esperance,AU,-33.8667,121.9,53.55,90,100,18.52,light rain
217,Geraldton,AU,-28.7667,114.6,57.61,94,75,8.05,broken clouds
218,Chabahar,IR,25.2919,60.643,86.54,72,100,6.73,overcast clouds
219,Camiri,BO,-20.05,-63.5167,47.71,67,76,3.33,broken clouds
220,Pareora,NZ,-44.4871,171.2132,59.18,51,3,34.67,clear sky
221,Hamilton,US,39.1834,-84.5333,74.75,95,100,8.05,mist
222,Komsomolskiy,UZ,40.4272,71.7189,79.52,31,0,9.22,clear sky
223,Ozernovskiy,RU,51.5,156.5167,55.36,96,100,5.86,overcast clouds
224,Moralillo,MX,22.2167,-97.9,84.43,74,40,17.27,scattered clouds
225,Preobrazheniye,RU,42.9019,133.9064,67.37,77,88,7.31,light rain
226,Riyadh,SA,24.6877,46.7219,86.14,13,1,8.55,clear sky
227,Nisia Floresta,BR,-6.0911,-35.2086,73.78,84,12,8.57,few clouds
228,Khilok,RU,51.3674,110.4676,76.6,32,7,3.58,clear sky
229,Los Banos,PH,14.1667,121.1833,81.79,72,98,2.13,overcast clouds
230,Iwaki,JP,37.05,140.8833,89.02,63,100,3.0,overcast clouds
231,Sorland,NO,67.667,12.6934,51.66,87,100,18.61,overcast clouds
232,Soledad,CO,10.9184,-74.7646,80.73,89,75,6.91,broken clouds
233,Aswan,EG,24.0934,32.907,83.5,21,0,5.75,clear sky
234,San Jose De Gracia,MX,20.6667,-102.5833,60.3,93,99,5.66,overcast clouds
235,Zhigansk,RU,66.7697,123.3711,54.27,84,100,9.69,overcast clouds
236,Iqaluit,CA,63.7506,-68.5145,40.73,86,75,2.3,broken clouds
237,Pedernales,DO,18.0384,-71.744,81.0,75,4,10.87,clear sky
238,Auki,SB,-8.7676,160.7034,86.68,55,2,4.45,clear sky
239,Fort Nelson,CA,58.8053,-122.7002,76.59,44,75,0.0,broken clouds
240,Krasnoselkup,RU,65.7,82.4667,62.6,57,80,13.51,broken clouds
241,Sol-Iletsk,RU,51.1631,54.9918,73.6,65,2,4.68,clear sky
242,Codrington,AU,-38.2667,141.9667,50.36,69,100,13.2,overcast clouds
243,Vulcan,RO,45.3833,23.2667,49.6,62,31,3.0,scattered clouds
244,Rio Grande,BR,-32.035,-52.0986,41.95,82,0,6.35,clear sky
245,Olavarria,AR,-36.8927,-60.3225,48.02,62,100,12.28,overcast clouds
246,Bandarbeyla,SO,9.4942,50.8122,78.84,61,100,33.08,overcast clouds
247,Tadine,NC,-21.55,167.8833,74.46,80,98,10.42,overcast clouds
248,Boguchany,RU,58.3814,97.4531,56.71,95,100,7.96,light rain
249,Roald,NO,62.5833,6.1333,59.16,88,20,13.8,few clouds
250,Tarrafal,CV,15.2833,-23.7667,75.99,79,82,15.08,broken clouds
251,Umea,SE,63.8284,20.2597,59.92,87,100,3.44,overcast clouds
252,Kendari,ID,-3.945,122.4989,78.35,88,100,1.95,overcast clouds
253,Najran,SA,17.4924,44.1277,81.25,28,21,8.55,few clouds
254,Meadow Lake,US,34.8014,-106.5436,96.28,16,88,18.37,overcast clouds
255,Tuscaloosa,US,33.2098,-87.5692,87.58,67,0,8.05,clear sky
256,Katsuura,JP,35.1333,140.3,81.32,78,100,13.24,overcast clouds
257,Abalak,RU,58.1286,68.5944,63.86,61,7,3.67,clear sky
258,Lompoc,US,34.6391,-120.4579,85.78,76,0,17.27,clear sky
259,Lorengau,PG,-2.0226,147.2712,84.15,77,100,11.92,moderate rain
260,Waingapu,ID,-9.6567,120.2641,82.15,57,72,10.25,broken clouds
261,East London,ZA,-33.0153,27.9116,66.83,32,0,6.71,clear sky
262,Nacala,MZ,-14.5428,40.6728,65.28,93,2,7.45,clear sky
263,Zavodoukovsk,RU,56.5042,66.5515,63.32,84,16,2.53,few clouds
264,Viedma,AR,-40.8135,-62.9967,48.4,59,6,20.8,clear sky
265,Banda Aceh,ID,5.5577,95.3222,83.32,69,22,3.58,few clouds
266,Sambava,MG,-14.2667,50.1667,68.13,84,7,11.59,clear sky
267,Leningradskiy,RU,69.3833,178.4167,32.95,91,98,21.14,light snow
268,Baherden,TM,38.4362,57.4316,88.47,14,0,5.08,clear sky
269,Dingle,PH,10.9995,122.6711,75.24,96,100,3.27,moderate rain
270,Muzhi,RU,65.3667,64.6667,65.79,57,97,2.77,overcast clouds
271,Kijang,KR,35.2442,129.2139,73.13,98,100,4.99,heavy intensity rain
272,Narasannapeta,IN,18.4167,84.05,81.45,83,87,5.93,heavy intensity rain
273,Beisfjord,NO,68.3751,17.5988,52.05,85,98,4.45,overcast clouds
274,Carutapera,BR,-1.195,-46.02,75.56,90,12,4.59,few clouds
275,San Policarpo,PH,12.1791,125.5072,83.41,75,100,4.32,overcast clouds
276,Sioux Lookout,CA,50.1001,-91.917,78.87,61,75,5.75,broken clouds
277,Castro,BR,-24.7911,-50.0119,60.75,95,100,6.06,overcast clouds
278,Segezha,RU,63.7415,34.3222,53.53,81,55,5.48,broken clouds
279,Billings,US,45.7833,-108.5007,91.17,22,75,17.27,broken clouds
280,Acapulco,MX,16.8634,-99.8901,84.02,70,100,4.61,overcast clouds
281,Majene,ID,-3.5403,118.9707,77.13,85,99,6.87,light rain
282,Mezen,RU,65.8522,44.24,59.27,78,100,3.31,overcast clouds
283,Urengoy,RU,65.9667,78.3667,61.81,60,99,12.28,overcast clouds
284,Luena,AO,-11.7833,19.9167,48.2,57,9,5.82,clear sky
285,Mount Isa,AU,-20.7333,139.5,74.97,35,0,9.22,clear sky
286,Conceicao Do Araguaia,BR,-8.2578,-49.2647,74.46,42,5,4.65,clear sky
287,San Quintin,MX,30.4833,-115.95,70.09,76,6,8.57,clear sky
288,Byron Bay,AU,-28.65,153.6167,71.71,48,7,5.79,clear sky
289,Rapid Valley,US,44.0625,-103.1463,93.4,33,0,11.5,clear sky
290,Callaway,US,30.153,-85.5699,81.95,82,0,5.75,clear sky
291,Namatanai,PG,-3.6667,152.4333,85.37,68,64,9.75,light rain
292,Mana,GF,5.6592,-53.7767,77.97,84,98,6.33,overcast clouds
293,Tuktoyaktuk,CA,69.4541,-133.0374,68.0,60,75,13.8,broken clouds
294,Loreto,MX,22.2667,-101.9667,70.27,40,11,19.35,few clouds
295,Xuddur,SO,4.1213,43.8894,68.41,81,29,18.41,scattered clouds
296,Kalangala,UG,-0.3089,32.225,72.75,65,86,9.28,light rain
297,Suslonger,RU,56.3156,48.2531,62.83,93,98,3.78,overcast clouds
298,Avera,US,33.194,-82.5271,82.45,72,6,5.79,clear sky
299,Erzincan,TR,39.75,39.5,63.7,68,0,3.44,clear sky
300,Mallasamudram,IN,11.4833,78.0333,78.04,84,100,4.36,overcast clouds
301,Atar,MR,20.5169,-13.0499,91.67,31,71,8.46,broken clouds
302,Sunrise Manor,US,36.2111,-115.0731,111.9,16,0,8.05,clear sky
303,Severo-Kurilsk,RU,50.6789,156.125,56.71,93,100,0.18,overcast clouds
304,Ponta Delgada,PT,37.7333,-25.6667,74.5,78,75,3.44,broken clouds
305,Alta Gracia,AR,-31.6529,-64.4283,53.37,35,79,4.9,broken clouds
306,Koshurnikovo,RU,54.1667,93.3,57.06,98,100,5.06,light rain
307,Holme,DK,56.1138,10.1725,60.37,89,77,7.85,broken clouds
308,Pevek,RU,69.7008,170.3133,32.11,90,99,25.48,overcast clouds
309,Tuatapere,NZ,-46.1333,167.6833,53.22,89,100,9.84,light rain
310,Dinguiraye,GN,11.3,-10.7167,70.7,96,100,1.66,moderate rain
311,Olive Branch,US,34.9618,-89.8295,91.08,62,0,8.05,clear sky
312,Chumikan,RU,54.7183,135.315,55.49,90,100,9.06,overcast clouds
313,Vila Franca Do Campo,PT,37.7167,-25.4333,74.19,88,71,4.79,broken clouds
314,Te Anau,NZ,-45.4167,167.7167,52.41,90,100,10.25,moderate rain
315,Belaya Gora,RU,68.5333,146.4167,61.72,43,100,6.15,overcast clouds
316,Cabo San Lucas,MX,22.8909,-109.9124,90.7,54,0,4.61,clear sky
317,Ukiah,US,39.1502,-123.2078,96.69,13,0,3.44,clear sky
318,Arlit,NE,18.7369,7.3853,89.76,35,3,7.45,clear sky
319,Frutigen,CH,46.5878,7.6475,68.14,70,23,3.09,few clouds
320,Kloulklubed,PW,7.0419,134.2556,82.9,72,77,8.16,broken clouds
321,Khani,GE,41.9563,42.9566,62.17,95,64,0.81,broken clouds
322,Port-Gentil,GA,-0.7193,8.7815,74.3,76,35,8.52,scattered clouds
323,Sai Buri,TH,6.7013,101.6168,81.97,76,87,3.11,overcast clouds
324,Chittur,IN,10.7,76.75,76.55,89,91,11.7,overcast clouds
325,Torit,SS,4.4133,32.5678,67.8,92,52,2.89,light rain
326,Bhind,IN,26.5642,78.7883,92.21,51,87,12.95,overcast clouds
327,Krivosheino,RU,57.3431,83.9261,56.41,89,100,10.78,overcast clouds
328,Niltepec,MX,16.5667,-94.6167,77.99,84,100,8.32,overcast clouds
329,Evensk,RU,61.95,159.2333,63.75,69,100,8.81,overcast clouds
330,Jacareacanga,BR,-6.2222,-57.7528,77.61,51,8,2.21,clear sky
331,Kavaratti,IN,10.5669,72.642,82.04,78,100,18.39,overcast clouds
332,Koungou,YT,-12.7336,45.2042,76.71,73,40,18.41,scattered clouds
333,Ixtapa,MX,20.7,-105.2,77.23,94,100,4.61,overcast clouds
334,Parit Buntar,MY,5.1267,100.4932,86.95,81,85,1.74,overcast clouds
335,Tvoroyri,FO,61.5556,-6.8111,51.24,89,98,18.14,overcast clouds
336,Anadyr,RU,64.75,177.4833,48.7,42,40,29.08,scattered clouds
337,Coahuayana,MX,18.7333,-103.6833,77.97,93,98,2.66,overcast clouds
338,Broome,US,42.2506,-75.833,75.58,77,20,5.75,few clouds
339,Kalmar,SE,56.6616,16.3616,61.97,86,99,3.0,light rain
340,Minas De Barroteran,MX,27.6333,-101.2833,92.53,19,3,20.62,clear sky
341,Grindavik,IS,63.8424,-22.4338,49.95,87,100,5.75,overcast clouds
342,Dudinka,RU,69.4058,86.1778,56.62,58,100,10.18,overcast clouds
343,Mbocayaty,PY,-25.7,-56.4,47.01,81,0,3.49,clear sky
344,Filingue,NE,14.3521,3.3168,83.37,62,100,1.97,light rain
345,Lavrentiya,RU,65.5833,-171.0,36.79,75,98,22.59,light rain
346,Makat,KZ,47.6469,53.3463,88.07,24,5,18.75,clear sky
347,Helong,CN,42.5397,128.9972,66.88,93,100,3.53,overcast clouds
348,Sechura,PE,-5.5569,-80.8222,64.31,78,13,12.82,few clouds
349,Matane,CA,48.8286,-67.522,63.41,71,91,10.58,overcast clouds
350,Jiazi,CN,22.8779,116.067,86.02,77,100,16.15,overcast clouds
351,Tahta,EG,26.7693,31.5021,80.42,31,5,7.38,clear sky
352,Maraba,BR,-5.3686,-49.1178,73.58,83,0,1.14,clear sky
353,Acarau,BR,-2.8856,-40.12,78.66,79,10,16.31,clear sky
354,Baker City,US,44.7749,-117.8344,88.2,34,0,19.57,clear sky
355,Muscat,OM,23.6139,58.5922,86.02,66,100,11.43,light rain
356,Serebryanyy Bor,RU,56.8,124.8,73.83,73,35,3.69,moderate rain
357,Yar-Sale,RU,66.8333,70.8333,63.37,56,92,9.37,overcast clouds
358,Labuan,MY,5.2767,115.2417,82.76,83,20,1.14,few clouds
359,Mangan,IN,27.5167,88.5333,78.06,91,98,0.81,overcast clouds
360,Ancud,CL,-41.8697,-73.8203,41.23,74,8,6.24,clear sky
361,Madridejos,ES,39.4682,-3.532,73.26,34,0,9.95,clear sky
362,Mount Gambier,AU,-37.8333,140.7667,50.61,64,83,9.51,broken clouds
363,Shirokiy,RU,49.758,129.523,72.72,74,100,5.3,overcast clouds
364,Marsabit,KE,2.3284,37.9899,58.53,79,36,20.67,scattered clouds
365,Naraina,IN,26.7833,75.2,86.94,61,80,5.41,broken clouds
366,Coquimbo,CL,-29.9533,-71.3436,51.53,81,0,6.91,clear sky
367,Pinyug,RU,60.251,47.7842,58.91,83,100,1.5,overcast clouds
368,Leh,IN,34.1667,77.5833,62.98,45,25,2.71,scattered clouds
369,Rohru,IN,31.2167,77.75,71.01,85,56,1.16,broken clouds
370,Matagami,CA,49.7502,-77.6328,75.31,57,0,5.75,clear sky
371,Corinto,GR,37.9407,22.9573,76.89,55,0,2.8,clear sky
372,Guanay,BO,-15.4975,-67.8797,67.8,99,100,0.85,overcast clouds
373,La Ronge,CA,55.1001,-105.2842,79.05,31,75,8.05,broken clouds
374,Imeni Poliny Osipenko,RU,52.4201,136.4853,65.5,74,100,6.49,overcast clouds
375,Touros,BR,-5.1989,-35.4608,75.65,78,28,14.16,scattered clouds
376,Trogir,HR,43.5125,16.2517,78.85,38,0,3.44,clear sky
377,Zhanakorgan,KZ,43.9098,67.2495,85.23,31,0,14.52,clear sky
378,Saint George,US,37.1041,-113.5841,87.75,36,98,7.05,overcast clouds
379,Hirara,JP,24.8,125.2833,89.46,74,75,23.02,broken clouds
380,Shirvan,AZ,39.9509,48.8994,76.68,67,0,4.23,clear sky
381,Apatou,GF,5.155,-54.3472,74.16,97,97,2.66,overcast clouds
382,Traiguen,CL,-38.25,-72.6833,41.77,86,100,1.41,overcast clouds
383,Wrexham,GB,53.0,-3.0,69.04,79,94,5.46,overcast clouds
384,Strelna,RU,59.8483,30.0261,53.08,82,0,0.0,clear sky
385,Clyde River,CA,70.4692,-68.5914,32.23,100,100,13.8,fog
386,Tatarskaya Kargala,RU,51.9495,55.1731,69.82,81,2,3.8,clear sky
387,Den Helder,NL,52.9599,4.7593,64.38,85,74,5.99,broken clouds
388,Haines Junction,CA,60.7522,-137.5108,62.55,48,100,9.22,overcast clouds
389,Ilebo,CD,-4.3167,20.5833,75.63,65,100,0.22,overcast clouds
390,Jinchang,CN,38.4953,102.1739,75.74,34,100,12.06,overcast clouds
391,Kaeo,NZ,-35.1,173.7833,58.1,78,100,9.48,overcast clouds
392,Belle Fourche,US,44.6714,-103.8522,97.32,21,3,9.19,clear sky
393,Balakhninskiy,RU,58.0106,114.2769,67.14,73,100,1.16,overcast clouds
394,Sawakin,SD,19.1059,37.3321,85.3,58,99,3.65,overcast clouds
395,Kahului,US,20.8947,-156.47,85.96,63,20,32.21,few clouds
396,Narkanda,IN,31.2548,77.4613,59.36,83,21,1.72,few clouds
397,Luwingu,ZM,-10.2621,29.9271,47.14,83,76,4.07,broken clouds
398,Pierre,US,44.3683,-100.351,91.85,45,0,6.91,clear sky
399,Chicama,PE,-7.8447,-79.1469,59.54,84,20,6.42,few clouds
400,Baracoa,CU,20.3467,-74.4958,80.02,89,22,6.17,few clouds
401,Cockburn Town,TC,21.4612,-71.1419,82.36,74,40,11.5,scattered clouds
402,Port Hueneme,US,34.1478,-119.1951,93.51,70,20,9.22,few clouds
403,Tres Arroyos,AR,-38.3739,-60.2798,51.15,35,100,15.19,overcast clouds
404,Fairmont,US,39.4851,-80.1426,74.32,95,100,1.99,light rain
405,Tomatlan,MX,19.9333,-105.25,76.24,94,100,2.04,overcast clouds
406,Wasilla,US,61.5814,-149.4394,57.52,91,100,5.75,light rain
407,Harper,LR,4.375,-7.7169,74.55,82,56,10.94,broken clouds
408,Basoko,CD,1.2391,23.616,71.92,94,100,2.35,light rain
409,Vrangel,RU,42.7297,133.0839,66.2,79,98,12.48,overcast clouds
410,Biak,ID,-0.9131,122.8766,72.97,92,100,3.4,moderate rain
411,Ornskoldsvik,SE,63.2909,18.7153,52.75,87,40,10.36,scattered clouds
412,Zabid,YE,14.1951,43.3152,84.87,57,98,7.36,overcast clouds
413,San Pedro De Macoris,DO,18.4616,-69.2972,81.21,81,6,10.04,clear sky
414,Pangnirtung,CA,66.1451,-65.7125,49.73,72,45,1.81,scattered clouds
415,Kalengwa,ZM,-13.4659,25.0027,44.73,67,4,5.14,clear sky
416,Tacoronte,ES,28.4769,-16.4102,69.13,87,100,17.27,overcast clouds
417,Okhotsk,RU,59.3833,143.3,62.69,80,97,7.47,overcast clouds
418,Tilichiki,RU,60.4667,166.1,62.76,62,100,8.43,overcast clouds
419,Novyy Urengoy,RU,66.0833,76.6333,62.53,55,100,12.88,overcast clouds
420,Verkhnevilyuysk,RU,63.4453,120.3167,67.6,72,97,6.73,overcast clouds
421,Aripuana,BR,-9.1667,-60.6333,79.16,50,37,2.13,scattered clouds
422,Levokumka,RU,44.2317,43.15,70.05,82,40,8.99,scattered clouds
423,Srednekolymsk,RU,67.45,153.6833,62.22,36,13,12.82,few clouds
424,Pangody,RU,65.85,74.4859,64.09,53,98,13.4,overcast clouds
425,Bubaque,GW,11.2833,-15.8333,80.29,84,100,11.95,light rain
426,Petropavlovsk-Kamchatskiy,RU,53.0452,158.6483,73.99,60,20,11.18,few clouds
427,Quatre Cocos,MU,-20.2078,57.7625,69.1,67,50,18.52,scattered clouds
428,Saint-Georges,GD,12.0564,-61.7485,82.08,74,20,20.71,few clouds
429,Kundiawa,PG,-6.0167,144.9667,76.32,60,79,4.83,broken clouds
430,Kiunga,PG,-6.1219,141.2906,82.92,72,100,3.06,overcast clouds
431,Ust-Karsk,RU,52.7011,118.8077,73.78,70,100,2.86,overcast clouds
432,Umm Lajj,SA,25.0213,37.2685,82.56,52,33,5.84,scattered clouds
433,Saint-Joseph,RE,-21.3667,55.6167,66.58,83,37,16.2,light rain
434,Namibe,AO,-15.1961,12.1522,65.3,76,5,4.12,clear sky
435,Abu Samrah,SY,35.3029,37.1841,73.2,63,0,6.85,clear sky
436,Savannah Bight,HN,16.45,-85.85,82.94,82,33,20.94,scattered clouds
437,Krasnoborsk,RU,61.5598,45.934,57.47,91,62,1.34,broken clouds
438,Misawa,JP,40.6836,141.3597,81.61,70,36,2.28,scattered clouds
439,Bocas Del Toro,PA,9.3333,-82.25,80.11,80,100,5.86,overcast clouds
440,Deputatskiy,RU,69.3,139.9,61.48,43,32,0.78,scattered clouds
441,Priseaca,RO,44.5167,24.45,58.68,45,45,7.18,scattered clouds
442,Paka,MY,4.6374,103.4368,82.33,94,20,0.0,few clouds
443,Codajas,BR,-3.8367,-62.0569,79.03,72,84,1.81,broken clouds
444,Conde,BR,-7.2597,-34.9075,71.06,94,20,2.3,few clouds
445,Nizhniy Odes,RU,63.6445,54.856,65.16,73,3,0.81,clear sky
446,Djibo,BF,14.1022,-1.6306,80.8,64,79,9.53,broken clouds
447,Kuching,MY,1.55,110.3333,79.02,89,20,3.44,few clouds
448,Derzhavinsk,KZ,51.1,66.3167,71.53,70,76,8.19,broken clouds
449,Koutiala,ML,12.3917,-5.4642,77.76,77,100,4.92,light rain
450,Neiafu,TO,-18.65,-173.9833,81.28,69,40,8.05,scattered clouds
451,Barcelos,PT,41.5388,-8.6151,68.92,86,73,1.81,broken clouds
452,Mayskiy,RU,47.6931,40.1025,67.41,62,41,10.65,scattered clouds
453,Vikulovo,RU,56.8167,70.6107,62.01,76,77,5.19,broken clouds
454,North Bend,US,43.4065,-124.2243,66.92,83,0,19.57,clear sky
455,Puerto Carreno,CO,6.189,-67.4859,75.94,94,100,2.46,overcast clouds
456,Boisoara,RO,45.4333,24.3833,51.67,65,17,6.6,few clouds
457,Duluth,US,46.7833,-92.1066,81.18,83,0,8.05,clear sky
458,Botou,CN,38.0667,116.5667,90.61,46,2,6.64,clear sky
459,Norrtalje,SE,59.758,18.705,59.85,75,87,4.85,overcast clouds
460,Natal,BR,-5.795,-35.2094,73.62,94,0,5.75,clear sky
461,Marrakesh,MA,31.6315,-8.0083,77.07,61,12,5.75,few clouds
462,Arona,ES,28.0996,-16.681,71.91,63,0,4.61,clear sky
463,Xapuri,BR,-10.6517,-68.5044,72.84,99,100,4.81,overcast clouds
464,Siocon,PH,7.7061,122.1353,79.38,83,100,4.03,overcast clouds
465,Ndele,CF,8.4109,20.6473,68.16,99,100,2.8,light rain
466,Amahai,ID,-3.3333,128.9167,78.35,90,99,8.72,overcast clouds
467,Fairbanks,US,64.8378,-147.7164,67.96,67,75,10.36,light rain
468,Martapura,ID,-3.4167,114.85,80.69,78,0,4.61,light rain
469,Isangel,VU,-19.55,169.2667,80.71,78,75,2.3,broken clouds
470,Dire,ML,12.2833,-10.9667,71.78,97,100,4.32,moderate rain
471,Kieta,PG,-6.2167,155.6333,86.09,59,9,7.27,clear sky
472,Asyut,EG,27.181,31.1837,78.98,38,4,7.38,clear sky
473,Orotukan,RU,62.2667,151.7,55.69,87,100,1.77,overcast clouds
474,Kapuskasing,CA,49.4169,-82.4331,77.09,78,20,3.44,haze
475,Kitimat,CA,54.0524,-128.6534,66.58,47,98,1.99,overcast clouds
476,Oxford,GB,51.7522,-1.256,64.78,59,20,2.3,few clouds
477,Jalu,LY,29.0331,21.5482,78.06,38,0,10.58,clear sky
478,Mwinilunga,ZM,-11.7358,24.4293,50.02,60,5,6.38,clear sky
479,Tessalit,ML,20.1986,1.0114,90.27,35,100,7.72,overcast clouds
480,Alice Springs,AU,-23.7,133.8833,67.55,13,7,10.36,clear sky
481,Fiumicino,IT,41.7675,12.2291,79.63,78,0,5.21,clear sky
482,Juegang,CN,32.3174,121.1855,86.92,91,100,10.18,overcast clouds
483,Vilyuysk,RU,63.7553,121.6247,71.04,79,91,6.69,overcast clouds
484,Tisul,RU,55.7611,88.3122,51.75,96,100,15.28,light rain
485,Lazaro Cardenas,MX,17.9583,-102.2,81.3,78,84,3.58,broken clouds
486,Taoudenni,ML,22.6783,-3.9836,97.21,7,53,7.43,broken clouds
487,Zacualpan,MX,21.25,-105.1667,80.53,84,93,4.34,overcast clouds
488,Snezhnogorsk,RU,69.1933,33.2531,51.58,83,58,3.47,broken clouds
489,Santa Fe,AR,-31.6333,-60.7,48.0,77,2,5.99,light rain
490,Ankazoabo,MG,-22.2833,44.5167,55.49,80,0,5.84,clear sky
491,Togur,RU,58.3631,82.8265,56.32,86,100,9.86,overcast clouds
492,Fare,PF,-16.7,-151.0167,77.0,69,24,14.25,few clouds
493,Skjervoy,NO,70.0311,20.9714,48.2,87,100,7.49,overcast clouds
494,Nouadhibou,MR,20.931,-17.0347,71.58,83,95,24.16,sand
495,Bonavista,CA,48.6499,-53.1147,59.09,87,100,15.05,overcast clouds
496,Mingaora,PK,34.7758,72.3625,80.38,69,0,1.32,clear sky
497,Brigantine,US,39.4101,-74.3646,78.04,88,100,9.42,overcast clouds
498,Debre Sina,ET,9.85,39.7667,56.08,68,68,4.16,broken clouds
499,Manaus,BR,-3.1019,-60.025,84.7,89,0,6.91,clear sky
500,Egvekinot,RU,66.3167,-179.1667,40.53,39,100,32.75,overcast clouds
501,Kalabo,ZM,-14.97,22.6814,47.03,63,0,6.2,clear sky
502,Uusikaupunki,FI,60.8004,21.4084,59.13,69,100,6.42,overcast clouds
503,Ampanihy,MG,-24.7,44.75,59.47,81,0,7.54,clear sky
504,Qaqortoq,GL,60.7167,-46.0333,42.53,90,57,2.57,broken clouds
505,Bol,TD,13.4586,14.7147,77.04,81,99,14.9,overcast clouds
506,Lumeje,AO,-11.55,20.7833,53.78,47,51,7.14,broken clouds
507,Itoman,JP,26.1247,127.6694,86.77,87,75,14.97,broken clouds
508,Vardo,NO,70.3705,31.1107,51.78,100,100,4.61,overcast clouds
509,Kainantu,PG,-6.2887,145.8655,74.07,60,99,4.94,overcast clouds
510,Bejar,ES,40.3864,-5.7634,72.01,22,0,4.36,clear sky
511,Yertarskiy,RU,56.7902,64.2995,62.15,92,5,2.64,clear sky
512,Sorong,ID,-0.8833,131.25,81.77,74,84,6.35,broken clouds
513,Masallatah,LY,32.6167,14.0,71.65,78,0,5.3,clear sky
514,Nador,MA,35.174,-2.9287,77.25,78,0,1.14,clear sky
515,Porto Walter,BR,-8.2686,-72.7439,71.51,98,85,0.72,overcast clouds
516,Siirt,TR,37.9326,41.9403,77.56,22,0,4.32,clear sky
517,Xicotencatl,MX,23.0167,-98.8833,87.48,61,2,13.71,clear sky
518,Caravelas,BR,-17.7125,-39.2481,70.11,88,5,5.17,clear sky
519,Zelenogorskiy,RU,55.0333,87.0,51.73,93,100,5.7,overcast clouds
520,Princeton,US,25.5384,-80.4089,85.01,86,20,4.61,few clouds
521,Jaen,ES,38.0,-3.5,75.94,34,0,2.59,clear sky
522,Opelousas,US,30.5335,-92.0815,84.09,78,0,4.61,clear sky
523,Hoquiam,US,46.9809,-123.8893,68.36,70,0,13.8,clear sky
524,Henties Bay,NA,-22.116,14.2845,65.26,49,1,3.87,clear sky
525,Sorada,IN,19.75,84.4333,78.78,90,83,2.3,broken clouds
526,Wajir,KE,1.7471,40.0573,70.61,72,90,13.11,overcast clouds
527,Olinda,BR,-8.0089,-34.8553,76.73,73,20,11.5,few clouds
528,Rincon,US,32.296,-81.2354,80.85,78,75,5.75,broken clouds
529,Baculin,PH,7.4525,126.5842,80.22,83,100,1.99,overcast clouds
530,Sham Churasi,IN,31.4997,75.7494,88.57,53,5,2.59,clear sky
531,Oum Hadjer,TD,13.2954,19.6966,76.96,79,100,10.47,overcast clouds
532,Beringovskiy,RU,63.05,179.3167,49.73,42,2,17.18,clear sky
533,Ajdabiya,LY,30.7554,20.2263,76.73,64,0,10.02,clear sky
534,Aleksandrov Gay,RU,50.147,48.5704,71.53,65,13,9.01,few clouds
535,Wuwei,CN,37.9281,102.6414,74.77,38,99,4.85,overcast clouds
536,Necochea,AR,-38.5473,-58.7368,53.13,38,100,20.45,overcast clouds
537,Batemans Bay,AU,-35.7167,150.1833,55.09,35,1,5.7,clear sky
538,Bilma,NE,18.6853,12.9164,86.56,44,6,8.39,clear sky
539,Severo-Yeniseyskiy,RU,60.3725,93.0408,56.05,89,100,10.56,light rain
540,Labuhan,ID,-6.8844,112.2051,80.22,77,59,8.55,broken clouds
541,Nanae,JP,41.8833,140.6833,70.03,94,75,5.75,broken clouds
542,Hobyo,SO,5.3505,48.5268,75.49,81,72,25.01,broken clouds
543,Fukue,JP,32.6881,128.8419,80.96,100,75,16.11,light rain
544,Sherlovaya Gora,RU,50.5667,116.25,68.95,68,100,7.4,overcast clouds
545,Dali,CN,25.7,100.1833,72.52,72,100,4.52,light rain
546,Erenhot,CN,43.6475,111.9767,75.74,26,0,4.81,clear sky
547,Sitka,US,57.0531,-135.33,57.09,88,100,4.61,mist
548,Kyra,RU,49.5776,111.9753,71.83,47,2,2.75,clear sky
549,Asau,RO,46.4333,26.4,54.52,74,20,4.07,few clouds
550,Bathsheba,BB,13.2167,-59.5167,81.21,87,20,20.71,few clouds
551,Tolaga Bay,NZ,-38.3667,178.3,59.54,57,80,4.74,broken clouds
552,Honningsvag,NO,70.9821,25.9704,51.55,87,100,9.22,light rain
553,Kalikapur,IN,22.6167,86.2833,80.49,80,35,6.8,scattered clouds
554,Kolyvan,RU,55.3053,82.7391,56.82,70,8,8.23,clear sky
555,Eydhafushi,MV,5.1033,73.0708,81.16,79,100,18.21,heavy intensity rain
556,Diplahan,PH,7.7167,123.0167,75.02,91,100,0.69,overcast clouds
557,Wajima,JP,37.4,136.9,81.28,78,75,12.66,broken clouds
558,Fernandez,AR,-27.9204,-63.8935,51.76,39,0,11.81,clear sky
559,Ust-Nera,RU,64.5667,143.2,75.18,55,64,2.59,broken clouds
560,Teguise,ES,29.0605,-13.564,66.42,83,0,11.5,clear sky
561,Tabou,CI,4.423,-7.3528,74.41,83,77,10.6,broken clouds
562,Mingshui,CN,36.7167,117.5,88.14,58,61,2.13,broken clouds
563,Arrifes,PT,37.7667,-25.7,72.23,88,75,4.61,broken clouds
564,San Diego,US,32.7153,-117.1573,88.3,77,40,7.0,scattered clouds
565,Excelsior Springs,US,39.3392,-94.2261,84.07,76,0,0.0,clear sky
566,Kismayo,SO,-0.3582,42.5454,75.61,80,43,18.48,scattered clouds
567,Gazli,UZ,40.1333,63.45,87.48,18,0,17.6,clear sky
568,Bago,MM,17.3367,96.4797,82.35,80,77,1.52,broken clouds
569,Berlevag,NO,70.8578,29.0864,51.8,93,100,3.44,overcast clouds
570,Babu,CN,24.4167,111.5167,85.51,79,100,4.21,overcast clouds
571,Vangaindrano,MG,-23.35,47.6,64.99,87,21,5.06,light rain
572,Jasper,US,37.2001,-94.3502,90.23,64,1,5.01,clear sky
573,Kedrovyy,RU,56.1667,91.8167,57.61,96,100,10.29,overcast clouds
574,Nogales,MX,31.3086,-110.9422,89.17,37,0,8.05,clear sky
575,Simbahan,PH,6.3032,120.5836,80.94,78,100,4.97,moderate rain
576,Tabuk,PH,17.4189,121.4443,84.27,75,47,3.6,moderate rain
577,Nakhon Thai,TH,17.1006,100.8374,84.38,74,77,3.69,broken clouds
578,Adrar,MR,20.5022,-10.0711,92.89,22,25,8.88,scattered clouds
579,Nichinan,JP,31.6,131.3667,80.28,68,99,8.59,overcast clouds
580,Hoima,UG,1.4356,31.3436,66.24,71,61,1.92,broken clouds
581,Svetlogorsk,BY,52.6333,29.7333,49.14,96,55,6.49,broken clouds
582,Mayo,US,38.8876,-76.5119,81.99,88,0,5.75,clear sky
583,Kenai,US,60.5544,-151.2583,60.89,90,40,21.85,light rain
584,Snasa,NO,64.2457,12.3778,49.69,98,100,5.3,overcast clouds
585,Taltal,CL,-25.4,-70.4833,59.0,68,0,2.84,clear sky
586,Maues,BR,-3.3836,-57.7186,78.71,67,61,2.86,broken clouds
587,Sarai Naurang,PK,32.8259,70.7814,88.75,53,11,5.37,few clouds
588,Baoqing,CN,46.3317,132.2111,72.57,83,98,6.69,overcast clouds
589,Havelock,US,34.8791,-76.9013,82.35,87,0,5.75,clear sky
590,Isla Mujeres,MX,21.2311,-86.731,84.16,77,0,11.3,clear sky
591,Taitung,TW,22.7583,121.1444,89.87,70,75,5.75,broken clouds
592,Kattivakkam,IN,13.2167,80.3167,82.49,87,100,12.71,moderate rain
593,San Jose,US,37.3394,-121.895,86.11,45,0,12.66,clear sky
594,Mongoumba,CF,3.6415,18.5936,69.94,98,100,4.9,light rain
595,Ginda,IN,30.6945,78.4932,72.34,81,12,0.89,few clouds
596,Amalapuram,IN,16.5833,82.0167,77.43,91,100,4.99,moderate rain
597,Maragogi,BR,-9.0122,-35.2225,73.83,82,6,8.23,clear sky
598,Sao Joao Da Barra,BR,-21.6403,-41.0511,71.65,86,81,18.72,broken clouds
599,Guerrero Negro,MX,27.9769,-114.0611,70.65,72,0,13.71,clear sky
600,Madang,PG,-5.2246,145.7966,87.89,63,62,4.34,broken clouds
601,Grand Gaube,MU,-20.0064,57.6608,68.4,70,64,7.0,broken clouds
602,Pacific Grove,US,36.6177,-121.9166,72.25,83,20,11.5,few clouds
603,Wanning,CN,18.8003,110.3967,87.28,74,100,10.4,overcast clouds
604,Walvis Bay,NA,-22.9575,14.5053,67.24,35,42,7.94,scattered clouds
605,Anloga,GH,5.7947,0.8973,74.79,87,74,11.1,broken clouds
606,Kandrian,PG,-6.2167,149.55,85.6,67,34,9.26,scattered clouds
607,Aromashevo,RU,56.8602,68.6375,63.23,70,2,3.49,clear sky
608,Kushiro,JP,42.975,144.3747,74.35,94,75,3.44,fog
609,Blagoyevo,RU,63.3667,47.9167,60.22,69,52,3.38,broken clouds
610,Fallon,US,39.4735,-118.7774,97.45,13,75,12.66,broken clouds
611,Gushikawa,JP,26.3544,127.8686,86.0,80,75,16.11,broken clouds
612,San Juan,AR,-31.5375,-68.5364,49.8,25,0,3.65,clear sky
613,Sabya,SA,17.1495,42.6254,83.82,61,89,5.26,overcast clouds
614,Chaohu,CN,31.6,117.8667,84.0,72,73,9.84,broken clouds
615,Tautira,PF,-17.7333,-149.15,75.63,69,66,11.72,broken clouds
616,Port Macquarie,AU,-31.4333,152.9167,68.9,41,1,7.47,clear sky
617,Sao Francisco,BR,-15.9486,-44.8644,68.13,39,14,4.14,few clouds
618,Marabba,SD,12.35,32.1833,81.18,64,95,7.65,overcast clouds
619,Kushima,JP,31.4583,131.2333,81.23,66,99,5.99,light rain
620,Nyurba,RU,63.2842,118.3319,64.81,70,100,4.9,overcast clouds
621,Poum,NC,-20.2333,164.0167,76.39,72,98,14.03,overcast clouds
622,Hay River,CA,60.8156,-115.7999,80.58,29,100,17.27,overcast clouds
623,Colac,AU,-38.3333,143.5833,47.17,71,91,8.99,overcast clouds
624,Kamenka,RU,51.3223,42.7678,62.91,91,97,5.73,overcast clouds
625,Liverpool,GB,53.4106,-2.9779,69.82,68,99,3.44,overcast clouds
626,Kang,BW,-23.6752,22.7876,47.98,67,2,7.83,clear sky
627,Dhidhdhoo,MV,6.8833,73.1,81.79,76,100,17.6,overcast clouds
628,Cleethorpes,GB,53.5605,-0.0323,70.12,47,100,10.36,overcast clouds
629,Wewak,PG,-3.5534,143.6268,85.68,67,78,2.84,broken clouds
630,Jorpeland,NO,59.0225,6.0408,60.1,98,100,7.58,overcast clouds
631,Kincardine,GB,56.0667,-3.7167,64.81,86,100,2.91,overcast clouds
632,Verkhniy Baskunchak,RU,48.2256,46.7217,75.72,46,0,11.68,clear sky
633,Synya,RU,65.3718,58.0387,63.28,80,88,2.8,overcast clouds
634,Kurchum,KZ,48.5722,83.6542,74.26,47,71,10.69,broken clouds
635,Ardakan,IR,32.31,54.0175,81.01,11,0,9.26,clear sky
636,Nurlat,RU,54.4277,50.8051,64.35,84,0,3.29,clear sky
637,Obidos,BR,-1.9175,-55.5181,77.97,69,89,4.38,overcast clouds
638,Chiang Mai,TH,18.75,99.0,86.9,66,20,2.3,few clouds
639,Ostrovskoye,RU,57.8057,42.2433,54.97,81,23,1.14,few clouds
640,Mayfield,US,36.7417,-88.6367,82.15,91,0,0.0,clear sky
641,Dulce Nombre De Culmi,HN,15.1,-85.5333,70.45,93,85,2.59,overcast clouds
642,Peniche,PT,39.3558,-9.3811,66.29,86,0,3.85,clear sky
643,Grand-Santi,GF,4.25,-54.3833,72.28,99,89,2.84,overcast clouds
644,Znamenskoye,RU,57.1281,73.8282,62.53,70,66,7.85,broken clouds
645,Hauterive,FR,46.0901,3.4459,65.16,53,22,3.31,few clouds
646,Fengrun,CN,39.8333,118.1167,85.77,49,35,8.12,scattered clouds
647,Orlik,RU,52.5178,99.825,66.63,48,97,2.44,overcast clouds
648,Rosario Oeste,BR,-14.8361,-56.4275,70.34,64,0,3.24,clear sky
649,Beyneu,KZ,45.3167,55.2,87.64,19,0,11.12,clear sky
650,Milverton,CA,43.5668,-80.9164,73.67,70,100,7.07,overcast clouds
651,Izumo,JP,35.3667,132.7667,82.35,69,75,3.44,moderate rain
652,Gornopravdinsk,RU,60.05,69.9,65.68,61,89,4.97,overcast clouds
653,Kununurra,AU,-15.7667,128.7333,78.78,31,52,3.44,broken clouds
654,Les Cayes,HT,18.2,-73.75,80.51,79,58,5.28,broken clouds
655,Pangkalanbuun,ID,-2.6833,111.6167,81.64,72,100,0.29,overcast clouds
656,Huilong,CN,31.8111,121.655,86.94,83,84,15.52,broken clouds
657,Sola,VU,-13.8833,167.55,80.37,80,27,19.71,scattered clouds
658,Dandong,CN,40.1292,124.3947,74.39,87,96,0.96,overcast clouds
659,Kawambwa,ZM,-9.7915,29.0791,52.59,67,10,6.93,clear sky
660,Gigmoto,PH,13.7796,124.39,86.25,68,100,6.46,overcast clouds
661,Shingu,JP,33.7333,135.9833,87.33,57,100,5.17,overcast clouds
662,Korzhevskiy,RU,45.1941,37.7195,68.49,86,0,7.02,clear sky
663,Polovinnoye,RU,54.7914,65.9864,65.77,85,64,4.81,broken clouds
664,Itarema,BR,-2.9248,-39.9167,78.3,79,9,14.52,clear sky
665,Santa Rosa,PH,14.3122,121.1114,86.11,81,81,2.55,light rain
666,Black River,JM,18.0264,-77.8487,80.74,74,10,5.03,clear sky
667,Penzance,GB,50.1186,-5.5371,65.08,73,98,15.01,overcast clouds
668,Sinop,TR,41.7711,34.8709,60.3,86,1,6.35,clear sky
669,Bulgan,MN,48.8125,103.5347,69.28,55,32,3.78,scattered clouds
670,Uruacu,BR,-14.5247,-49.1408,69.53,43,36,4.81,scattered clouds
671,Kapoeta,SS,4.7717,33.5903,77.95,48,75,14.67,broken clouds
672,Lichinga,MZ,-13.3128,35.2406,53.02,86,85,8.08,overcast clouds
673,Honghu,CN,29.8206,113.4621,87.33,72,69,0.72,broken clouds
674,Port Blair,IN,11.6667,92.75,82.44,83,75,2.3,mist
675,Vostok,RU,46.4856,135.8833,62.6,86,100,2.48,overcast clouds
676,Kindu,CD,-2.95,25.95,70.12,73,54,1.07,broken clouds
677,Port Lincoln,AU,-34.7333,135.8667,54.19,64,100,7.65,overcast clouds
678,Lydenburg,ZA,-25.0978,30.4597,42.4,81,0,2.68,clear sky
679,Yumen,CN,40.2833,97.2,76.15,30,100,21.61,overcast clouds
680,Wuchang,CN,44.9143,127.15,72.39,81,90,4.21,overcast clouds
681,Goderich,CA,43.7501,-81.7165,77.32,65,100,8.05,overcast clouds
682,West Richland,US,46.3043,-119.3614,88.05,27,0,8.01,clear sky
683,Ust-Koksa,RU,50.2696,85.6108,57.0,96,99,3.13,overcast clouds
684,Sinnamary,GF,5.3833,-52.95,77.88,83,38,7.61,scattered clouds
685,Ambulu,ID,-8.345,113.6058,80.1,74,75,5.5,broken clouds
686,Eston,CA,51.1501,-108.7514,82.92,51,27,15.41,scattered clouds
687,Jiexiu,CN,37.0244,111.9125,82.06,33,96,5.61,overcast clouds
688,Barra Patuca,HN,15.8,-84.2833,79.3,87,83,10.38,broken clouds
689,Svobodnyy,RU,51.4,128.1333,77.31,56,98,5.7,overcast clouds
690,Calabozo,VE,8.9242,-67.4293,79.25,78,100,4.92,overcast clouds
691,Labelle,US,26.7617,-81.4384,84.22,81,94,4.38,overcast clouds
692,Oriximina,BR,-1.7656,-55.8661,77.14,70,27,4.65,scattered clouds
693,Sharan,RU,54.8167,54.0,66.22,85,9,1.74,clear sky
694,Chardara,KZ,41.2547,67.9692,80.13,31,0,11.9,clear sky
695,Bethanien,NA,-26.502,17.1583,54.14,33,4,7.99,clear sky
696,Barra Do Garcas,BR,-15.89,-52.2567,72.0,40,0,3.15,clear sky
697,Ust-Kuyga,RU,70.0167,135.6,59.94,39,100,2.06,overcast clouds
698,Lodja,CD,-3.4833,23.4333,73.94,50,100,0.74,overcast clouds
699,Ialibu,PG,-6.2821,143.9935,64.31,81,99,3.11,overcast clouds
